用户编号,用户名称,datetime,hour,user_type_group,model_route,pv_capacity,pv_est,proba_low,is_low_load_pred,pred_total_load,pred_net_load
FZ-CZ-001,津太新能源科技（福建）有限公司,2026-06-27 00:00:00,0,energy,energy_hour_0,0.0,0.0,0.0025541978048303337,0,215.827,215.827
FZ-CZ-001,津太新能源科技（福建）有限公司,2026-06-27 01:00:00,1,energy,energy_hour_1,0.0,0.0,0.0002958128010144607,0,508.615,508.615
FZ-CZ-001,津太新能源科技（福建）有限公司,2026-06-27 02:00:00,2,energy,energy_hour_2,0.0,0.0,0.0011032199808413625,0,256.595,256.595
FZ-CZ-001,津太新能源科技（福建）有限公司,2026-06-27 03:00:00,3,energy,energy_hour_3,0.0,0.0,0.22634242918036354,0,148.466,148.466
FZ-CZ-001,津太新能源科技（福建）有限公司,2026-06-27 04:00:00,4,energy,low_load_regressor,0.0,0.0,0.8333212462021153,1,66.972,66.972
FZ-CZ-001,津太新能源科技（福建）有限公司,2026-06-27 05:00:00,5,energy,low_load_regressor,0.0,0.0,0.542531494541428,1,67.363,67.363
FZ-CZ-001,津太新能源科技（福建）有限公司,2026-06-27 06:00:00,6,energy,energy_hour_6,0.0,0.0,0.0032032461452587706,0,208.996,208.996
FZ-CZ-001,津太新能源科技（福建）有限公司,2026-06-27 07:00:00,7,energy,energy_hour_7,0.0,0.0,0.0003199115653887018,0,371.129,371.129
FZ-CZ-001,津太新能源科技（福建）有限公司,2026-06-27 08:00:00,8,energy,energy_hour_8,0.0,0.0,0.0003054749405270839,0,399.462,399.462
FZ-CZ-001,津太新能源科技（福建）有限公司,2026-06-27 09:00:00,9,energy,energy_hour_9,0.0,0.0,0.0492657511798197,0,154.458,154.458
FZ-CZ-001,津太新能源科技（福建）有限公司,2026-06-27 10:00:00,10,energy,low_load_regressor,0.0,0.0,0.5258927569269757,1,67.202,67.202
FZ-CZ-001,津太新能源科技（福建）有限公司,2026-06-27 11:00:00,11,energy,low_load_regressor,0.0,0.0,0.4788443653900313,1,68.063,68.063
FZ-CZ-001,津太新能源科技（福建）有限公司,2026-06-27 12:00:00,12,energy,low_load_regressor,0.0,0.0,0.7137076549714707,1,53.918,53.918
FZ-CZ-001,津太新能源科技（福建）有限公司,2026-06-27 13:00:00,13,energy,energy_hour_13,0.0,0.0,0.001661814945811055,0,318.966,318.966
FZ-CZ-001,津太新能源科技（福建）有限公司,2026-06-27 14:00:00,14,energy,energy_hour_14,0.0,0.0,0.001769486399433756,0,254.771,254.771
FZ-CZ-001,津太新能源科技（福建）有限公司,2026-06-27 15:00:00,15,energy,energy_hour_15,0.0,0.0,0.000919187541817302,0,221.57,221.57
FZ-CZ-001,津太新能源科技（福建）有限公司,2026-06-27 16:00:00,16,energy,energy_hour_16,0.0,0.0,0.1663085914747882,0,140.967,140.967
FZ-CZ-001,津太新能源科技（福建）有限公司,2026-06-27 17:00:00,17,energy,energy_hour_17,0.0,0.0,0.06285790282330853,0,128.141,128.141
FZ-CZ-001,津太新能源科技（福建）有限公司,2026-06-27 18:00:00,18,energy,low_load_regressor,0.0,0.0,0.5589409862532064,1,55.27,55.27
FZ-CZ-001,津太新能源科技（福建）有限公司,2026-06-27 19:00:00,19,energy,low_load_regressor,0.0,0.0,0.47207401593883935,1,56.858,56.858
FZ-CZ-001,津太新能源科技（福建）有限公司,2026-06-27 20:00:00,20,energy,energy_hour_20,0.0,0.0,0.3805184838242945,0,135.889,135.889
FZ-CZ-001,津太新能源科技（福建）有限公司,2026-06-27 21:00:00,21,energy,energy_hour_21,0.0,0.0,0.0019151743818496172,0,265.699,265.699
FZ-CZ-001,津太新能源科技（福建）有限公司,2026-06-27 22:00:00,22,energy,energy_hour_22,0.0,0.0,0.18888307814361927,0,147.747,147.747
FZ-CZ-001,津太新能源科技（福建）有限公司,2026-06-27 23:00:00,23,energy,energy_hour_23,0.0,0.0,0.00781728287805295,0,200.693,200.693
FZ-GG-001,福州市晋安区象园街道办事处,2026-06-27 00:00:00,0,property,property_hour_0,0.0,0.0,0.02186282527797864,0,113.089,113.089
FZ-GG-001,福州市晋安区象园街道办事处,2026-06-27 01:00:00,1,property,property_hour_1,0.0,0.0,0.01598107353039609,0,115.692,115.692
FZ-GG-001,福州市晋安区象园街道办事处,2026-06-27 02:00:00,2,property,property_hour_2,0.0,0.0,0.16842943708558464,0,105.874,105.874
FZ-GG-001,福州市晋安区象园街道办事处,2026-06-27 03:00:00,3,property,property_hour_3,0.0,0.0,0.22732349891132989,0,185.012,185.012
FZ-GG-001,福州市晋安区象园街道办事处,2026-06-27 04:00:00,4,property,low_load_regressor,0.0,0.0,0.9437850766449972,1,63.341,63.341
FZ-GG-001,福州市晋安区象园街道办事处,2026-06-27 05:00:00,5,property,low_load_regressor,0.0,0.0,0.9994360111428124,1,45.576,45.576
FZ-GG-001,福州市晋安区象园街道办事处,2026-06-27 06:00:00,6,property,low_load_regressor,0.0,0.0,0.9996094737593767,1,39.825,39.825
FZ-GG-001,福州市晋安区象园街道办事处,2026-06-27 07:00:00,7,property,low_load_regressor,0.0,0.0,0.9939073872731666,1,55.422,55.422
FZ-GG-001,福州市晋安区象园街道办事处,2026-06-27 08:00:00,8,property,low_load_regressor,0.0,0.0,0.7746955194889532,1,65.029,65.029
FZ-GG-001,福州市晋安区象园街道办事处,2026-06-27 09:00:00,9,property,property_hour_9,0.0,0.0,0.05035216728255472,0,170.79,170.79
FZ-GG-001,福州市晋安区象园街道办事处,2026-06-27 10:00:00,10,property,property_hour_10,0.0,0.0,0.011111958655413433,0,219.029,219.029
FZ-GG-001,福州市晋安区象园街道办事处,2026-06-27 11:00:00,11,property,property_hour_11,0.0,0.0,0.0017894705750226801,0,190.666,190.666
FZ-GG-001,福州市晋安区象园街道办事处,2026-06-27 12:00:00,12,property,property_hour_12,0.0,0.0,0.000671533669445039,0,219.419,219.419
FZ-GG-001,福州市晋安区象园街道办事处,2026-06-27 13:00:00,13,property,property_hour_13,0.0,0.0,0.00200494908390681,0,181.296,181.296
FZ-GG-001,福州市晋安区象园街道办事处,2026-06-27 14:00:00,14,property,property_hour_14,0.0,0.0,0.006547915470136738,0,133.18,133.18
FZ-GG-001,福州市晋安区象园街道办事处,2026-06-27 15:00:00,15,property,property_hour_15,0.0,0.0,0.008613583992251487,0,132.563,132.563
FZ-GG-001,福州市晋安区象园街道办事处,2026-06-27 16:00:00,16,property,property_hour_16,0.0,0.0,0.009260774952257711,0,142.593,142.593
FZ-GG-001,福州市晋安区象园街道办事处,2026-06-27 17:00:00,17,property,property_hour_17,0.0,0.0,0.010192263276396179,0,152.521,152.521
FZ-GG-001,福州市晋安区象园街道办事处,2026-06-27 18:00:00,18,property,property_hour_18,0.0,0.0,0.013054957094381427,0,140.303,140.303
FZ-GG-001,福州市晋安区象园街道办事处,2026-06-27 19:00:00,19,property,property_hour_19,0.0,0.0,0.004310564596755511,0,155.98,155.98
FZ-GG-001,福州市晋安区象园街道办事处,2026-06-27 20:00:00,20,property,property_hour_20,0.0,0.0,0.0137375955172208,0,110.893,110.893
FZ-GG-001,福州市晋安区象园街道办事处,2026-06-27 21:00:00,21,property,property_hour_21,0.0,0.0,0.010527874997958816,0,119.661,119.661
FZ-GG-001,福州市晋安区象园街道办事处,2026-06-27 22:00:00,22,property,property_hour_22,0.0,0.0,0.010721900101239782,0,123.212,123.212
FZ-GG-001,福州市晋安区象园街道办事处,2026-06-27 23:00:00,23,property,property_hour_23,0.0,0.0,0.025179297918380528,0,108.621,108.621
FZ-GG-002,福州市鼓楼区元兴物业有限公司,2026-06-27 00:00:00,0,property,low_load_regressor,0.0,0.0,0.9993978949473639,1,48.306,48.306
FZ-GG-002,福州市鼓楼区元兴物业有限公司,2026-06-27 01:00:00,1,property,low_load_regressor,0.0,0.0,0.9996062972359268,1,41.182,41.182
FZ-GG-002,福州市鼓楼区元兴物业有限公司,2026-06-27 02:00:00,2,property,low_load_regressor,0.0,0.0,0.9996103012047184,1,35.822,35.822
FZ-GG-002,福州市鼓楼区元兴物业有限公司,2026-06-27 03:00:00,3,property,low_load_regressor,0.0,0.0,0.9996107210683574,1,39.613,39.613
FZ-GG-002,福州市鼓楼区元兴物业有限公司,2026-06-27 04:00:00,4,property,low_load_regressor,0.0,0.0,0.995800176020752,1,39.968,39.968
FZ-GG-002,福州市鼓楼区元兴物业有限公司,2026-06-27 05:00:00,5,property,low_load_regressor,0.0,0.0,0.9986097610540747,1,45.517,45.517
FZ-GG-002,福州市鼓楼区元兴物业有限公司,2026-06-27 06:00:00,6,property,low_load_regressor,0.0,0.0,0.9049140333499828,1,68.253,68.253
FZ-GG-002,福州市鼓楼区元兴物业有限公司,2026-06-27 07:00:00,7,property,property_hour_7,0.0,0.0,0.041579002463199934,0,130.811,130.811
FZ-GG-002,福州市鼓楼区元兴物业有限公司,2026-06-27 08:00:00,8,property,property_hour_8,0.0,0.0,0.002345585383702683,0,150.279,150.279
FZ-GG-002,福州市鼓楼区元兴物业有限公司,2026-06-27 09:00:00,9,property,property_hour_9,0.0,0.0,0.0005491374948029436,0,254.565,254.565
FZ-GG-002,福州市鼓楼区元兴物业有限公司,2026-06-27 10:00:00,10,property,property_hour_10,0.0,0.0,0.0005450210194824733,0,292.413,292.413
FZ-GG-002,福州市鼓楼区元兴物业有限公司,2026-06-27 11:00:00,11,property,property_hour_11,0.0,0.0,0.00036539819609976903,0,299.39,299.39
FZ-GG-002,福州市鼓楼区元兴物业有限公司,2026-06-27 12:00:00,12,property,property_hour_12,0.0,0.0,8.43863663183126e-05,0,435.695,435.695
FZ-GG-002,福州市鼓楼区元兴物业有限公司,2026-06-27 13:00:00,13,property,property_hour_13,0.0,0.0,9.086589468384965e-05,0,345.516,345.516
FZ-GG-002,福州市鼓楼区元兴物业有限公司,2026-06-27 14:00:00,14,property,property_hour_14,0.0,0.0,0.000337442959235545,0,338.96,338.96
FZ-GG-002,福州市鼓楼区元兴物业有限公司,2026-06-27 15:00:00,15,property,property_hour_15,0.0,0.0,0.0003853353705452388,0,240.835,240.835
FZ-GG-002,福州市鼓楼区元兴物业有限公司,2026-06-27 16:00:00,16,property,property_hour_16,0.0,0.0,0.00045157154766742004,0,217.551,217.551
FZ-GG-002,福州市鼓楼区元兴物业有限公司,2026-06-27 17:00:00,17,property,property_hour_17,0.0,0.0,0.00037782963896320406,0,300.554,300.554
FZ-GG-002,福州市鼓楼区元兴物业有限公司,2026-06-27 18:00:00,18,property,property_hour_18,0.0,0.0,0.000398922852670134,0,225.145,225.145
FZ-GG-002,福州市鼓楼区元兴物业有限公司,2026-06-27 19:00:00,19,property,property_hour_19,0.0,0.0,0.0007020534656991889,0,227.978,227.978
FZ-GG-002,福州市鼓楼区元兴物业有限公司,2026-06-27 20:00:00,20,property,property_hour_20,0.0,0.0,0.0015065805044123103,0,192.66,192.66
FZ-GG-002,福州市鼓楼区元兴物业有限公司,2026-06-27 21:00:00,21,property,property_hour_21,0.0,0.0,0.0013996334995551067,0,157.192,157.192
FZ-GG-002,福州市鼓楼区元兴物业有限公司,2026-06-27 22:00:00,22,property,property_hour_22,0.0,0.0,0.02084110896714431,0,121.189,121.189
FZ-GG-002,福州市鼓楼区元兴物业有限公司,2026-06-27 23:00:00,23,property,low_load_regressor,0.0,0.0,0.8750119948874667,1,71.355,71.355
FZ-GG-003,福建安捷物业管理有限公司,2026-06-27 00:00:00,0,property,property_hour_0,0.0,0.0,1.4046033728501075e-06,0,363.155,363.155
FZ-GG-003,福建安捷物业管理有限公司,2026-06-27 01:00:00,1,property,property_hour_1,0.0,0.0,2.6717940524389354e-06,0,317.202,317.202
FZ-GG-003,福建安捷物业管理有限公司,2026-06-27 02:00:00,2,property,property_hour_2,0.0,0.0,2.686546433287786e-06,0,284.326,284.326
FZ-GG-003,福建安捷物业管理有限公司,2026-06-27 03:00:00,3,property,property_hour_3,0.0,0.0,1.2201017408317774e-06,0,259.02,259.02
FZ-GG-003,福建安捷物业管理有限公司,2026-06-27 04:00:00,4,property,property_hour_4,0.0,0.0,1.916245370029951e-06,0,240.155,240.155
FZ-GG-003,福建安捷物业管理有限公司,2026-06-27 05:00:00,5,property,property_hour_5,0.0,0.0,4.105887122220882e-06,0,224.519,224.519
FZ-GG-003,福建安捷物业管理有限公司,2026-06-27 06:00:00,6,property,property_hour_6,0.0,0.0,6.465014326675892e-06,0,218.146,218.146
FZ-GG-003,福建安捷物业管理有限公司,2026-06-27 07:00:00,7,property,property_hour_7,0.0,0.0,7.459386371921628e-07,0,241.834,241.834
FZ-GG-003,福建安捷物业管理有限公司,2026-06-27 08:00:00,8,property,property_hour_8,0.0,0.0,8.18926208573044e-07,0,283.279,283.279
FZ-GG-003,福建安捷物业管理有限公司,2026-06-27 09:00:00,9,property,property_hour_9,0.0,0.0,8.282865221915202e-07,0,649.842,649.842
FZ-GG-003,福建安捷物业管理有限公司,2026-06-27 10:00:00,10,property,property_hour_10,0.0,0.0,1.5359438421349787e-06,0,907.129,907.129
FZ-GG-003,福建安捷物业管理有限公司,2026-06-27 11:00:00,11,property,property_hour_11,0.0,0.0,9.614371745661373e-07,0,952.069,952.069
FZ-GG-003,福建安捷物业管理有限公司,2026-06-27 12:00:00,12,property,property_hour_12,0.0,0.0,9.87675312061561e-07,0,1090.052,1090.052
FZ-GG-003,福建安捷物业管理有限公司,2026-06-27 13:00:00,13,property,property_hour_13,0.0,0.0,6.591753216566291e-07,0,1040.896,1040.896
FZ-GG-003,福建安捷物业管理有限公司,2026-06-27 14:00:00,14,property,property_hour_14,0.0,0.0,7.872787568859627e-07,0,969.713,969.713
FZ-GG-003,福建安捷物业管理有限公司,2026-06-27 15:00:00,15,property,property_hour_15,0.0,0.0,6.402624342673549e-07,0,943.735,943.735
FZ-GG-003,福建安捷物业管理有限公司,2026-06-27 16:00:00,16,property,property_hour_16,0.0,0.0,3.637714759290862e-07,0,908.766,908.766
FZ-GG-003,福建安捷物业管理有限公司,2026-06-27 17:00:00,17,property,property_hour_17,0.0,0.0,5.430209521193947e-07,0,1050.522,1050.522
FZ-GG-003,福建安捷物业管理有限公司,2026-06-27 18:00:00,18,property,property_hour_18,0.0,0.0,3.7019115291584035e-07,0,962.03,962.03
FZ-GG-003,福建安捷物业管理有限公司,2026-06-27 19:00:00,19,property,property_hour_19,0.0,0.0,3.606146393141996e-07,0,871.084,871.084
FZ-GG-003,福建安捷物业管理有限公司,2026-06-27 20:00:00,20,property,property_hour_20,0.0,0.0,4.067262703288114e-07,0,787.58,787.58
FZ-GG-003,福建安捷物业管理有限公司,2026-06-27 21:00:00,21,property,property_hour_21,0.0,0.0,4.7137266819544916e-07,0,702.276,702.276
FZ-GG-003,福建安捷物业管理有限公司,2026-06-27 22:00:00,22,property,property_hour_22,0.0,0.0,4.090165387695676e-07,0,582.468,582.468
FZ-GG-003,福建安捷物业管理有限公司,2026-06-27 23:00:00,23,property,property_hour_23,0.0,0.0,1.3023433026540278e-06,0,416.415,416.415
FZ-GG-004,福建运杰物流有限公司,2026-06-27 00:00:00,0,industrial,low_load_regressor,0.0,0.0,0.9999611448536608,1,26.579,26.579
FZ-GG-004,福建运杰物流有限公司,2026-06-27 01:00:00,1,industrial,low_load_regressor,0.0,0.0,0.999959257407281,1,26.997,26.997
FZ-GG-004,福建运杰物流有限公司,2026-06-27 02:00:00,2,industrial,low_load_regressor,0.0,0.0,0.9999484450140697,1,28.052,28.052
FZ-GG-004,福建运杰物流有限公司,2026-06-27 03:00:00,3,industrial,low_load_regressor,0.0,0.0,0.9999524558359886,1,23.879,23.879
FZ-GG-004,福建运杰物流有限公司,2026-06-27 04:00:00,4,industrial,low_load_regressor,0.0,0.0,0.9998783630003927,1,22.199,22.199
FZ-GG-004,福建运杰物流有限公司,2026-06-27 05:00:00,5,industrial,low_load_regressor,0.0,0.0,0.999974637738314,1,22.618,22.618
FZ-GG-004,福建运杰物流有限公司,2026-06-27 06:00:00,6,industrial,low_load_regressor,0.0,0.0,0.9999799721896924,1,23.94,23.94
FZ-GG-004,福建运杰物流有限公司,2026-06-27 07:00:00,7,industrial,low_load_regressor,0.0,0.0,0.9999393046763743,1,27.084,27.084
FZ-GG-004,福建运杰物流有限公司,2026-06-27 08:00:00,8,industrial,low_load_regressor,0.0,0.0,0.9998455110704352,1,29.368,29.368
FZ-GG-004,福建运杰物流有限公司,2026-06-27 09:00:00,9,industrial,low_load_regressor,0.0,0.0,0.9988348799738529,1,42.642,42.642
FZ-GG-004,福建运杰物流有限公司,2026-06-27 10:00:00,10,industrial,low_load_regressor,0.0,0.0,0.9636276305892273,1,51.999,51.999
FZ-GG-004,福建运杰物流有限公司,2026-06-27 11:00:00,11,industrial,low_load_regressor,0.0,0.0,0.7863895186943841,1,63.094,63.094
FZ-GG-004,福建运杰物流有限公司,2026-06-27 12:00:00,12,industrial,low_load_regressor,0.0,0.0,0.5951824210554021,1,64.723,64.723
FZ-GG-004,福建运杰物流有限公司,2026-06-27 13:00:00,13,industrial,low_load_regressor,0.0,0.0,0.9096392544144046,1,60.687,60.687
FZ-GG-004,福建运杰物流有限公司,2026-06-27 14:00:00,14,industrial,low_load_regressor,0.0,0.0,0.8905633977810761,1,56.733,56.733
FZ-GG-004,福建运杰物流有限公司,2026-06-27 15:00:00,15,industrial,low_load_regressor,0.0,0.0,0.787054713488537,1,54.347,54.347
FZ-GG-004,福建运杰物流有限公司,2026-06-27 16:00:00,16,industrial,low_load_regressor,0.0,0.0,0.8861547288049608,1,55.522,55.522
FZ-GG-004,福建运杰物流有限公司,2026-06-27 17:00:00,17,industrial,low_load_regressor,0.0,0.0,0.929380683640398,1,61.862,61.862
FZ-GG-004,福建运杰物流有限公司,2026-06-27 18:00:00,18,industrial,low_load_regressor,0.0,0.0,0.9615137377676022,1,62.48,62.48
FZ-GG-004,福建运杰物流有限公司,2026-06-27 19:00:00,19,industrial,low_load_regressor,0.0,0.0,0.9825469788284155,1,57.905,57.905
FZ-GG-004,福建运杰物流有限公司,2026-06-27 20:00:00,20,industrial,low_load_regressor,0.0,0.0,0.981884997301269,1,56.25,56.25
FZ-GG-004,福建运杰物流有限公司,2026-06-27 21:00:00,21,industrial,low_load_regressor,0.0,0.0,0.9983384166050653,1,51.957,51.957
FZ-GG-004,福建运杰物流有限公司,2026-06-27 22:00:00,22,industrial,low_load_regressor,0.0,0.0,0.9996769476201772,1,41.433,41.433
FZ-GG-004,福建运杰物流有限公司,2026-06-27 23:00:00,23,industrial,low_load_regressor,0.0,0.0,0.9998982041906824,1,30.831,30.831
FZ-GG-005,福建省元乐达工贸有限公司,2026-06-27 00:00:00,0,industrial,hour_0,0.0,0.0,0.00448734352736219,0,231.102,231.102
FZ-GG-005,福建省元乐达工贸有限公司,2026-06-27 01:00:00,1,industrial,hour_1,0.0,0.0,0.01873174452158468,0,244.06,244.06
FZ-GG-005,福建省元乐达工贸有限公司,2026-06-27 02:00:00,2,industrial,hour_2,0.0,0.0,0.05569230821888304,0,168.317,168.317
FZ-GG-005,福建省元乐达工贸有限公司,2026-06-27 03:00:00,3,industrial,hour_3,0.0,0.0,0.07662816832527497,0,178.911,178.911
FZ-GG-005,福建省元乐达工贸有限公司,2026-06-27 04:00:00,4,industrial,hour_4,0.0,0.0,0.08754430948387978,0,127.136,127.136
FZ-GG-005,福建省元乐达工贸有限公司,2026-06-27 05:00:00,5,industrial,hour_5,0.0,0.0,0.36340536179673677,0,148.449,148.449
FZ-GG-005,福建省元乐达工贸有限公司,2026-06-27 06:00:00,6,industrial,hour_6,0.0,0.0,0.10886636736184852,0,117.042,117.042
FZ-GG-005,福建省元乐达工贸有限公司,2026-06-27 07:00:00,7,industrial,hour_7,0.0,0.0,0.1799109913620874,0,128.684,128.684
FZ-GG-005,福建省元乐达工贸有限公司,2026-06-27 08:00:00,8,industrial,hour_8,0.0,0.0,0.0074410169640393,0,195.692,195.692
FZ-GG-005,福建省元乐达工贸有限公司,2026-06-27 09:00:00,9,industrial,hour_9,0.0,0.0,0.0015785984516806647,0,230.754,230.754
FZ-GG-005,福建省元乐达工贸有限公司,2026-06-27 10:00:00,10,industrial,hour_10,0.0,0.0,0.003020084503779402,0,280.118,280.118
FZ-GG-005,福建省元乐达工贸有限公司,2026-06-27 11:00:00,11,industrial,hour_11,0.0,0.0,0.0008432616134217999,0,282.959,282.959
FZ-GG-005,福建省元乐达工贸有限公司,2026-06-27 12:00:00,12,industrial,hour_12,0.0,0.0,0.0022334783190493613,0,291.533,291.533
FZ-GG-005,福建省元乐达工贸有限公司,2026-06-27 13:00:00,13,industrial,hour_13,0.0,0.0,0.010223751391447026,0,221.148,221.148
FZ-GG-005,福建省元乐达工贸有限公司,2026-06-27 14:00:00,14,industrial,hour_14,0.0,0.0,0.004437419090813771,0,258.757,258.757
FZ-GG-005,福建省元乐达工贸有限公司,2026-06-27 15:00:00,15,industrial,hour_15,0.0,0.0,0.0014399306552881682,0,298.642,298.642
FZ-GG-005,福建省元乐达工贸有限公司,2026-06-27 16:00:00,16,industrial,hour_16,0.0,0.0,0.0006100197215544623,0,275.443,275.443
FZ-GG-005,福建省元乐达工贸有限公司,2026-06-27 17:00:00,17,industrial,hour_17,0.0,0.0,0.0011752282158660266,0,304.827,304.827
FZ-GG-005,福建省元乐达工贸有限公司,2026-06-27 18:00:00,18,industrial,hour_18,0.0,0.0,0.0023641607134449747,0,226.639,226.639
FZ-GG-005,福建省元乐达工贸有限公司,2026-06-27 19:00:00,19,industrial,hour_19,0.0,0.0,0.0011611117636740993,0,276.239,276.239
FZ-GG-005,福建省元乐达工贸有限公司,2026-06-27 20:00:00,20,industrial,hour_20,0.0,0.0,0.0034728341484287478,0,275.189,275.189
FZ-GG-005,福建省元乐达工贸有限公司,2026-06-27 21:00:00,21,industrial,hour_21,0.0,0.0,0.0019410880427463398,0,261.625,261.625
FZ-GG-005,福建省元乐达工贸有限公司,2026-06-27 22:00:00,22,industrial,hour_22,0.0,0.0,0.003952644230172917,0,250.911,250.911
FZ-GG-005,福建省元乐达工贸有限公司,2026-06-27 23:00:00,23,industrial,hour_23,0.0,0.0,0.004941180147791202,0,245.654,245.654
FZ-GY-001,福州信青源家具有限公司,2026-06-27 00:00:00,0,industrial,low_load_regressor,0.0,0.0,0.9999525602552943,1,16.005,16.005
FZ-GY-001,福州信青源家具有限公司,2026-06-27 01:00:00,1,industrial,low_load_regressor,0.0,0.0,0.9999900195662452,1,10.77,10.77
FZ-GY-001,福州信青源家具有限公司,2026-06-27 02:00:00,2,industrial,low_load_regressor,0.0,0.0,0.9999890348362847,1,10.076,10.076
FZ-GY-001,福州信青源家具有限公司,2026-06-27 03:00:00,3,industrial,low_load_regressor,0.0,0.0,0.9999862948190407,1,10.382,10.382
FZ-GY-001,福州信青源家具有限公司,2026-06-27 04:00:00,4,industrial,low_load_regressor,0.0,0.0,0.9999816699377232,1,9.088,9.088
FZ-GY-001,福州信青源家具有限公司,2026-06-27 05:00:00,5,industrial,low_load_regressor,0.0,0.0,0.9999886456880541,1,10.63,10.63
FZ-GY-001,福州信青源家具有限公司,2026-06-27 06:00:00,6,industrial,low_load_regressor,0.0,0.0,0.9999111961179104,1,16.641,16.641
FZ-GY-001,福州信青源家具有限公司,2026-06-27 07:00:00,7,industrial,low_load_regressor,0.0,0.0,0.883327340946608,1,53.958,53.958
FZ-GY-001,福州信青源家具有限公司,2026-06-27 08:00:00,8,industrial,hour_8,0.0,0.0,0.0019200875848410447,0,186.701,186.701
FZ-GY-001,福州信青源家具有限公司,2026-06-27 09:00:00,9,industrial,hour_9,0.0,0.0,0.0013544588464308664,0,194.089,194.089
FZ-GY-001,福州信青源家具有限公司,2026-06-27 10:00:00,10,industrial,hour_10,0.0,0.0,0.002017683064896278,0,194.328,194.328
FZ-GY-001,福州信青源家具有限公司,2026-06-27 11:00:00,11,industrial,hour_11,0.0,0.0,0.000929959852505339,0,203.265,203.265
FZ-GY-001,福州信青源家具有限公司,2026-06-27 12:00:00,12,industrial,hour_12,0.0,0.0,0.002918282294829844,0,169.242,169.242
FZ-GY-001,福州信青源家具有限公司,2026-06-27 13:00:00,13,industrial,hour_13,0.0,0.0,0.03859461875162864,0,131.368,131.368
FZ-GY-001,福州信青源家具有限公司,2026-06-27 14:00:00,14,industrial,hour_14,0.0,0.0,0.005337008745660047,0,187.188,187.188
FZ-GY-001,福州信青源家具有限公司,2026-06-27 15:00:00,15,industrial,hour_15,0.0,0.0,0.0008488775468433545,0,197.987,197.987
FZ-GY-001,福州信青源家具有限公司,2026-06-27 16:00:00,16,industrial,hour_16,0.0,0.0,0.000893514465377248,0,185.944,185.944
FZ-GY-001,福州信青源家具有限公司,2026-06-27 17:00:00,17,industrial,hour_17,0.0,0.0,0.0008136812200502056,0,178.788,178.788
FZ-GY-001,福州信青源家具有限公司,2026-06-27 18:00:00,18,industrial,hour_18,0.0,0.0,0.009192807942359498,0,123.032,123.032
FZ-GY-001,福州信青源家具有限公司,2026-06-27 19:00:00,19,industrial,hour_19,0.0,0.0,0.022208933011880046,0,140.252,140.252
FZ-GY-001,福州信青源家具有限公司,2026-06-27 20:00:00,20,industrial,hour_20,0.0,0.0,0.07255160796514468,0,136.924,136.924
FZ-GY-001,福州信青源家具有限公司,2026-06-27 21:00:00,21,industrial,hour_21,0.0,0.0,0.2993067353895262,0,108.211,108.211
FZ-GY-001,福州信青源家具有限公司,2026-06-27 22:00:00,22,industrial,low_load_regressor,0.0,0.0,0.9793718065305074,1,37.647,37.647
FZ-GY-001,福州信青源家具有限公司,2026-06-27 23:00:00,23,industrial,low_load_regressor,0.0,0.0,0.9996407678146905,1,20.661,20.661
FZ-GY-002,福州年盛机电有限公司,2026-06-27 00:00:00,0,industrial,low_load_regressor,0.0,0.0,0.9999496347397818,1,19.661,19.661
FZ-GY-002,福州年盛机电有限公司,2026-06-27 01:00:00,1,industrial,low_load_regressor,0.0,0.0,0.9999530924797951,1,17.382,17.382
FZ-GY-002,福州年盛机电有限公司,2026-06-27 02:00:00,2,industrial,low_load_regressor,0.0,0.0,0.9999519090736472,1,16.527,16.527
FZ-GY-002,福州年盛机电有限公司,2026-06-27 03:00:00,3,industrial,low_load_regressor,0.0,0.0,0.9999402699054425,1,16.411,16.411
FZ-GY-002,福州年盛机电有限公司,2026-06-27 04:00:00,4,industrial,low_load_regressor,0.0,0.0,0.9999906162677278,1,16.58,16.58
FZ-GY-002,福州年盛机电有限公司,2026-06-27 05:00:00,5,industrial,low_load_regressor,0.0,0.0,0.9999954496577348,1,14.558,14.558
FZ-GY-002,福州年盛机电有限公司,2026-06-27 06:00:00,6,industrial,low_load_regressor,0.0,0.0,0.999995459939185,1,14.494,14.494
FZ-GY-002,福州年盛机电有限公司,2026-06-27 07:00:00,7,industrial,low_load_regressor,0.0,0.0,0.9999602699524256,1,16.315,16.315
FZ-GY-002,福州年盛机电有限公司,2026-06-27 08:00:00,8,industrial,low_load_regressor,0.0,0.0,0.9998101938186538,1,18.333,18.333
FZ-GY-002,福州年盛机电有限公司,2026-06-27 09:00:00,9,industrial,hour_9,0.0,0.0,0.11905960060086984,0,127.056,127.056
FZ-GY-002,福州年盛机电有限公司,2026-06-27 10:00:00,10,industrial,hour_10,0.0,0.0,0.04345067604792018,0,147.022,147.022
FZ-GY-002,福州年盛机电有限公司,2026-06-27 11:00:00,11,industrial,hour_11,0.0,0.0,0.04783771799076042,0,143.335,143.335
FZ-GY-002,福州年盛机电有限公司,2026-06-27 12:00:00,12,industrial,hour_12,0.0,0.0,0.022177032577557126,0,133.105,133.105
FZ-GY-002,福州年盛机电有限公司,2026-06-27 13:00:00,13,industrial,hour_13,0.0,0.0,0.2270101661427079,0,105.391,105.391
FZ-GY-002,福州年盛机电有限公司,2026-06-27 14:00:00,14,industrial,hour_14,0.0,0.0,0.09396204027061777,0,129.571,129.571
FZ-GY-002,福州年盛机电有限公司,2026-06-27 15:00:00,15,industrial,hour_15,0.0,0.0,0.037834225344112564,0,132.907,132.907
FZ-GY-002,福州年盛机电有限公司,2026-06-27 16:00:00,16,industrial,hour_16,0.0,0.0,0.009445914245788995,0,152.404,152.404
FZ-GY-002,福州年盛机电有限公司,2026-06-27 17:00:00,17,industrial,hour_17,0.0,0.0,0.15892039151512757,0,130.023,130.023
FZ-GY-002,福州年盛机电有限公司,2026-06-27 18:00:00,18,industrial,hour_18,0.0,0.0,0.2676401530459848,0,99.921,99.921
FZ-GY-002,福州年盛机电有限公司,2026-06-27 19:00:00,19,industrial,hour_19,0.0,0.0,0.15664618945643036,0,116.961,116.961
FZ-GY-002,福州年盛机电有限公司,2026-06-27 20:00:00,20,industrial,hour_20,0.0,0.0,0.1469993658235311,0,125.887,125.887
FZ-GY-002,福州年盛机电有限公司,2026-06-27 21:00:00,21,industrial,low_load_regressor,0.0,0.0,0.9195688297783781,1,59.612,59.612
FZ-GY-002,福州年盛机电有限公司,2026-06-27 22:00:00,22,industrial,low_load_regressor,0.0,0.0,0.9983922668706099,1,34.2,34.2
FZ-GY-002,福州年盛机电有限公司,2026-06-27 23:00:00,23,industrial,low_load_regressor,0.0,0.0,0.9997691368757908,1,19.52,19.52
FZ-GY-003,福州至和玻璃有限公司,2026-06-27 00:00:00,0,industrial,low_load_regressor,0.0,0.0,0.9999979051572921,1,1.214,1.214
FZ-GY-003,福州至和玻璃有限公司,2026-06-27 01:00:00,1,industrial,low_load_regressor,0.0,0.0,0.9999978172539752,1,0.863,0.863
FZ-GY-003,福州至和玻璃有限公司,2026-06-27 02:00:00,2,industrial,low_load_regressor,0.0,0.0,0.9999972910816074,1,1.761,1.761
FZ-GY-003,福州至和玻璃有限公司,2026-06-27 03:00:00,3,industrial,low_load_regressor,0.0,0.0,0.9999966141596848,1,0.901,0.901
FZ-GY-003,福州至和玻璃有限公司,2026-06-27 04:00:00,4,industrial,low_load_regressor,0.0,0.0,0.9999936221052587,1,0.841,0.841
FZ-GY-003,福州至和玻璃有限公司,2026-06-27 05:00:00,5,industrial,low_load_regressor,0.0,0.0,0.9999949154331574,1,0.928,0.928
FZ-GY-003,福州至和玻璃有限公司,2026-06-27 06:00:00,6,industrial,low_load_regressor,0.0,0.0,0.999992275412764,1,2.143,2.143
FZ-GY-003,福州至和玻璃有限公司,2026-06-27 07:00:00,7,industrial,low_load_regressor,0.0,0.0,0.9999200246030444,1,15.495,15.495
FZ-GY-003,福州至和玻璃有限公司,2026-06-27 08:00:00,8,industrial,low_load_regressor,0.0,0.0,0.9922800370669462,1,42.956,42.956
FZ-GY-003,福州至和玻璃有限公司,2026-06-27 09:00:00,9,industrial,low_load_regressor,0.0,0.0,0.9037119669969322,1,57.393,57.393
FZ-GY-003,福州至和玻璃有限公司,2026-06-27 10:00:00,10,industrial,low_load_regressor,0.0,0.0,0.9668095379326919,1,60.579,60.579
FZ-GY-003,福州至和玻璃有限公司,2026-06-27 11:00:00,11,industrial,low_load_regressor,0.0,0.0,0.9582340987817518,1,64.32,64.32
FZ-GY-003,福州至和玻璃有限公司,2026-06-27 12:00:00,12,industrial,low_load_regressor,0.0,0.0,0.9758620569020277,1,56.402,56.402
FZ-GY-003,福州至和玻璃有限公司,2026-06-27 13:00:00,13,industrial,low_load_regressor,0.0,0.0,0.9950998930132398,1,43.402,43.402
FZ-GY-003,福州至和玻璃有限公司,2026-06-27 14:00:00,14,industrial,low_load_regressor,0.0,0.0,0.9902255999073423,1,57.58,57.58
FZ-GY-003,福州至和玻璃有限公司,2026-06-27 15:00:00,15,industrial,low_load_regressor,0.0,0.0,0.9898142041197311,1,62.26,62.26
FZ-GY-003,福州至和玻璃有限公司,2026-06-27 16:00:00,16,industrial,low_load_regressor,0.0,0.0,0.9998114168788651,1,59.174,59.174
FZ-GY-003,福州至和玻璃有限公司,2026-06-27 17:00:00,17,industrial,low_load_regressor,0.0,0.0,0.9998798287217899,1,59.079,59.079
FZ-GY-003,福州至和玻璃有限公司,2026-06-27 18:00:00,18,industrial,low_load_regressor,0.0,0.0,0.9997384336007424,1,54.906,54.906
FZ-GY-003,福州至和玻璃有限公司,2026-06-27 19:00:00,19,industrial,low_load_regressor,0.0,0.0,0.9996351716525212,1,42.716,42.716
FZ-GY-003,福州至和玻璃有限公司,2026-06-27 20:00:00,20,industrial,low_load_regressor,0.0,0.0,0.9997961767487404,1,30.707,30.707
FZ-GY-003,福州至和玻璃有限公司,2026-06-27 21:00:00,21,industrial,low_load_regressor,0.0,0.0,0.9999670397808524,1,16.5,16.5
FZ-GY-003,福州至和玻璃有限公司,2026-06-27 22:00:00,22,industrial,low_load_regressor,0.0,0.0,0.999998818375267,1,5.804,5.804
FZ-GY-003,福州至和玻璃有限公司,2026-06-27 23:00:00,23,industrial,low_load_regressor,0.0,0.0,0.9999990713130364,1,3.402,3.402
FZ-GY-004,福州雅赛诺家居有限公司,2026-06-27 00:00:00,0,industrial,low_load_regressor,0.0,0.0,0.9999998607488497,1,4.832,4.832
FZ-GY-004,福州雅赛诺家居有限公司,2026-06-27 01:00:00,1,industrial,low_load_regressor,0.0,0.0,0.9999998644067543,1,5.202,5.202
FZ-GY-004,福州雅赛诺家居有限公司,2026-06-27 02:00:00,2,industrial,low_load_regressor,0.0,0.0,0.999999870668718,1,4.939,4.939
FZ-GY-004,福州雅赛诺家居有限公司,2026-06-27 03:00:00,3,industrial,low_load_regressor,0.0,0.0,0.9999996044639944,1,4.975,4.975
FZ-GY-004,福州雅赛诺家居有限公司,2026-06-27 04:00:00,4,industrial,low_load_regressor,0.0,0.0,0.9999993479150671,1,4.775,4.775
FZ-GY-004,福州雅赛诺家居有限公司,2026-06-27 05:00:00,5,industrial,low_load_regressor,0.0,0.0,0.9999997103317249,1,4.672,4.672
FZ-GY-004,福州雅赛诺家居有限公司,2026-06-27 06:00:00,6,industrial,low_load_regressor,0.0,0.0,0.9999995226858576,1,4.655,4.655
FZ-GY-004,福州雅赛诺家居有限公司,2026-06-27 07:00:00,7,industrial,low_load_regressor,0.0,0.0,0.9999987592303498,1,5.728,5.728
FZ-GY-004,福州雅赛诺家居有限公司,2026-06-27 08:00:00,8,industrial,low_load_regressor,0.0,0.0,0.9999731307277333,1,10.307,10.307
FZ-GY-004,福州雅赛诺家居有限公司,2026-06-27 09:00:00,9,industrial,low_load_regressor,0.0,0.0,0.9999550061069339,1,13.272,13.272
FZ-GY-004,福州雅赛诺家居有限公司,2026-06-27 10:00:00,10,industrial,low_load_regressor,0.0,0.0,0.9999940003557396,1,17.191,17.191
FZ-GY-004,福州雅赛诺家居有限公司,2026-06-27 11:00:00,11,industrial,low_load_regressor,0.0,0.0,0.9999837032570972,1,19.294,19.294
FZ-GY-004,福州雅赛诺家居有限公司,2026-06-27 12:00:00,12,industrial,low_load_regressor,0.0,0.0,0.9999377090146823,1,25.039,25.039
FZ-GY-004,福州雅赛诺家居有限公司,2026-06-27 13:00:00,13,industrial,low_load_regressor,0.0,0.0,0.9999973903509669,1,14.23,14.23
FZ-GY-004,福州雅赛诺家居有限公司,2026-06-27 14:00:00,14,industrial,low_load_regressor,0.0,0.0,0.9999920689177428,1,18.098,18.098
FZ-GY-004,福州雅赛诺家居有限公司,2026-06-27 15:00:00,15,industrial,low_load_regressor,0.0,0.0,0.9999877689601886,1,18.988,18.988
FZ-GY-004,福州雅赛诺家居有限公司,2026-06-27 16:00:00,16,industrial,low_load_regressor,0.0,0.0,0.9999941254081093,1,17.278,17.278
FZ-GY-004,福州雅赛诺家居有限公司,2026-06-27 17:00:00,17,industrial,low_load_regressor,0.0,0.0,0.9999930828750904,1,19.929,19.929
FZ-GY-004,福州雅赛诺家居有限公司,2026-06-27 18:00:00,18,industrial,low_load_regressor,0.0,0.0,0.999996662357226,1,18.924,18.924
FZ-GY-004,福州雅赛诺家居有限公司,2026-06-27 19:00:00,19,industrial,low_load_regressor,0.0,0.0,0.999997015400062,1,14.357,14.357
FZ-GY-004,福州雅赛诺家居有限公司,2026-06-27 20:00:00,20,industrial,low_load_regressor,0.0,0.0,0.9999986591550789,1,12.038,12.038
FZ-GY-004,福州雅赛诺家居有限公司,2026-06-27 21:00:00,21,industrial,low_load_regressor,0.0,0.0,0.9999987361921332,1,10.161,10.161
FZ-GY-004,福州雅赛诺家居有限公司,2026-06-27 22:00:00,22,industrial,low_load_regressor,0.0,0.0,0.999999141010455,1,7.921,7.921
FZ-GY-004,福州雅赛诺家居有限公司,2026-06-27 23:00:00,23,industrial,low_load_regressor,0.0,0.0,0.9999994732958682,1,6.668,6.668
FZ-GY-005,闽侯县天泽工艺品有限公司,2026-06-27 00:00:00,0,industrial,low_load_regressor,0.0,0.0,0.999999456108887,1,4.404,4.404
FZ-GY-005,闽侯县天泽工艺品有限公司,2026-06-27 01:00:00,1,industrial,low_load_regressor,0.0,0.0,0.999999456108887,1,3.47,3.47
FZ-GY-005,闽侯县天泽工艺品有限公司,2026-06-27 02:00:00,2,industrial,low_load_regressor,0.0,0.0,0.9999992129794418,1,3.455,3.455
FZ-GY-005,闽侯县天泽工艺品有限公司,2026-06-27 03:00:00,3,industrial,low_load_regressor,0.0,0.0,0.9999987743176888,1,1.614,1.614
FZ-GY-005,闽侯县天泽工艺品有限公司,2026-06-27 04:00:00,4,industrial,low_load_regressor,0.0,0.0,0.9999980023173146,1,1.237,1.237
FZ-GY-005,闽侯县天泽工艺品有限公司,2026-06-27 05:00:00,5,industrial,low_load_regressor,0.0,0.0,0.9999979945479496,1,1.0,1.0
FZ-GY-005,闽侯县天泽工艺品有限公司,2026-06-27 06:00:00,6,industrial,low_load_regressor,0.0,0.0,0.9999971567830429,1,2.194,2.194
FZ-GY-005,闽侯县天泽工艺品有限公司,2026-06-27 07:00:00,7,industrial,low_load_regressor,0.0,0.0,0.9999971172380896,1,6.723,6.723
FZ-GY-005,闽侯县天泽工艺品有限公司,2026-06-27 08:00:00,8,industrial,low_load_regressor,0.0,0.0,0.6583868161332298,1,69.566,69.566
FZ-GY-005,闽侯县天泽工艺品有限公司,2026-06-27 09:00:00,9,industrial,hour_9,0.0,0.0,0.0009172088647115495,0,161.038,161.038
FZ-GY-005,闽侯县天泽工艺品有限公司,2026-06-27 10:00:00,10,industrial,hour_10,0.0,0.0,0.003947991764454297,0,152.217,152.217
FZ-GY-005,闽侯县天泽工艺品有限公司,2026-06-27 11:00:00,11,industrial,hour_11,0.0,0.0,0.0020288257541129268,0,163.828,163.828
FZ-GY-005,闽侯县天泽工艺品有限公司,2026-06-27 12:00:00,12,industrial,hour_12,0.0,0.0,0.24813133380334887,0,103.252,103.252
FZ-GY-005,闽侯县天泽工艺品有限公司,2026-06-27 13:00:00,13,industrial,low_load_regressor,0.0,0.0,0.9998848796785983,1,13.923,13.923
FZ-GY-005,闽侯县天泽工艺品有限公司,2026-06-27 14:00:00,14,industrial,hour_14,0.0,0.0,0.0020883435232333532,0,139.214,139.214
FZ-GY-005,闽侯县天泽工艺品有限公司,2026-06-27 15:00:00,15,industrial,hour_15,0.0,0.0,0.00944104799521471,0,168.548,168.548
FZ-GY-005,闽侯县天泽工艺品有限公司,2026-06-27 16:00:00,16,industrial,hour_16,0.0,0.0,0.03448760390925145,0,155.919,155.919
FZ-GY-005,闽侯县天泽工艺品有限公司,2026-06-27 17:00:00,17,industrial,low_load_regressor,0.0,0.0,0.5746653235754021,1,74.714,74.714
FZ-GY-005,闽侯县天泽工艺品有限公司,2026-06-27 18:00:00,18,industrial,low_load_regressor,0.0,0.0,0.9999733336921579,1,23.214,23.214
FZ-GY-005,闽侯县天泽工艺品有限公司,2026-06-27 19:00:00,19,industrial,low_load_regressor,0.0,0.0,0.9999834276693245,1,16.131,16.131
FZ-GY-005,闽侯县天泽工艺品有限公司,2026-06-27 20:00:00,20,industrial,low_load_regressor,0.0,0.0,0.9999942421134345,1,9.455,9.455
FZ-GY-005,闽侯县天泽工艺品有限公司,2026-06-27 21:00:00,21,industrial,low_load_regressor,0.0,0.0,0.9999975040022903,1,10.782,10.782
FZ-GY-005,闽侯县天泽工艺品有限公司,2026-06-27 22:00:00,22,industrial,low_load_regressor,0.0,0.0,0.9999998266685434,1,3.547,3.547
FZ-GY-005,闽侯县天泽工艺品有限公司,2026-06-27 23:00:00,23,industrial,low_load_regressor,0.0,0.0,0.9999998570500734,1,3.305,3.305
FZ-SY-F-001,福州超库鲜生供应链管理有限公司,2026-06-27 00:00:00,0,industrial,low_load_regressor,0.4,0.0,0.9993353438864474,1,29.137,29.137
FZ-SY-F-001,福州超库鲜生供应链管理有限公司,2026-06-27 01:00:00,1,industrial,low_load_regressor,0.4,0.0,0.9998001408294662,1,25.295,25.295
FZ-SY-F-001,福州超库鲜生供应链管理有限公司,2026-06-27 02:00:00,2,industrial,low_load_regressor,0.4,0.0,0.9997888883485159,1,23.292,23.292
FZ-SY-F-001,福州超库鲜生供应链管理有限公司,2026-06-27 03:00:00,3,industrial,low_load_regressor,0.4,0.0,0.9997888883485159,1,22.169,22.169
FZ-SY-F-001,福州超库鲜生供应链管理有限公司,2026-06-27 04:00:00,4,industrial,low_load_regressor,0.4,0.0,0.9997733739820994,1,21.641,21.641
FZ-SY-F-001,福州超库鲜生供应链管理有限公司,2026-06-27 05:00:00,5,industrial,low_load_regressor,0.4,18.838,0.9999498625300427,1,21.321,2.483
FZ-SY-F-001,福州超库鲜生供应链管理有限公司,2026-06-27 06:00:00,6,industrial,low_load_regressor,0.4,62.585,0.9995841739635503,1,40.474,0.0
FZ-SY-F-001,福州超库鲜生供应链管理有限公司,2026-06-27 07:00:00,7,industrial,hour_7,0.4,109.337,0.14842286955161127,0,131.021,21.684
FZ-SY-F-001,福州超库鲜生供应链管理有限公司,2026-06-27 08:00:00,8,industrial,hour_8,0.4,151.184,0.0017922357543013032,0,92.108,0.0
FZ-SY-F-001,福州超库鲜生供应链管理有限公司,2026-06-27 09:00:00,9,industrial,hour_9,0.4,183.589,0.0010581795818987432,0,166.329,0.0
FZ-SY-F-001,福州超库鲜生供应链管理有限公司,2026-06-27 10:00:00,10,industrial,hour_10,0.4,206.824,0.0001995361877009813,0,227.482,20.658
FZ-SY-F-001,福州超库鲜生供应链管理有限公司,2026-06-27 11:00:00,11,industrial,hour_11,0.4,213.119,0.0002062666266461133,0,228.098,14.979
FZ-SY-F-001,福州超库鲜生供应链管理有限公司,2026-06-27 12:00:00,12,industrial,hour_12,0.4,207.883,0.00021897894564855432,0,213.324,5.441
FZ-SY-F-001,福州超库鲜生供应链管理有限公司,2026-06-27 13:00:00,13,industrial,hour_13,0.4,188.682,0.00024403365764736224,0,206.876,18.195
FZ-SY-F-001,福州超库鲜生供应链管理有限公司,2026-06-27 14:00:00,14,industrial,hour_14,0.4,156.766,0.0002598013655963597,0,224.641,67.876
FZ-SY-F-001,福州超库鲜生供应链管理有限公司,2026-06-27 15:00:00,15,industrial,hour_15,0.4,114.927,0.0005136793345341859,0,166.676,51.749
FZ-SY-F-001,福州超库鲜生供应链管理有限公司,2026-06-27 16:00:00,16,industrial,hour_16,0.4,67.835,0.024785006923345135,0,137.288,69.453
FZ-SY-F-001,福州超库鲜生供应链管理有限公司,2026-06-27 17:00:00,17,industrial,low_load_regressor,0.4,22.5,0.4142816536815877,1,67.689,45.188
FZ-SY-F-001,福州超库鲜生供应链管理有限公司,2026-06-27 18:00:00,18,industrial,hour_18,0.4,0.0,0.10190157401109072,0,110.608,110.608
FZ-SY-F-001,福州超库鲜生供应链管理有限公司,2026-06-27 19:00:00,19,industrial,low_load_regressor,0.4,0.0,0.47069056929411995,1,68.545,68.545
FZ-SY-F-001,福州超库鲜生供应链管理有限公司,2026-06-27 20:00:00,20,industrial,low_load_regressor,0.4,0.0,0.734606040575553,1,55.765,55.765
FZ-SY-F-001,福州超库鲜生供应链管理有限公司,2026-06-27 21:00:00,21,industrial,low_load_regressor,0.4,0.0,0.857887111636515,1,51.018,51.018
FZ-SY-F-001,福州超库鲜生供应链管理有限公司,2026-06-27 22:00:00,22,industrial,low_load_regressor,0.4,0.0,0.8940229155523547,1,45.739,45.739
FZ-SY-F-001,福州超库鲜生供应链管理有限公司,2026-06-27 23:00:00,23,industrial,low_load_regressor,0.4,0.0,0.9907162367136554,1,37.197,37.197
ND-GY-F-001,福建俊杰新材料科技股份有限公司,2026-06-27 00:00:00,0,industrial,hour_0,2.0,0.0,6.621133944633755e-06,0,1109.926,1109.926
ND-GY-F-001,福建俊杰新材料科技股份有限公司,2026-06-27 01:00:00,1,industrial,hour_1,2.0,0.0,6.145817771865439e-06,0,1124.404,1124.404
ND-GY-F-001,福建俊杰新材料科技股份有限公司,2026-06-27 02:00:00,2,industrial,hour_2,2.0,0.0,6.145817771865439e-06,0,1178.38,1178.38
ND-GY-F-001,福建俊杰新材料科技股份有限公司,2026-06-27 03:00:00,3,industrial,hour_3,2.0,0.0,1.0202934451304658e-05,0,1167.374,1167.374
ND-GY-F-001,福建俊杰新材料科技股份有限公司,2026-06-27 04:00:00,4,industrial,hour_4,2.0,0.0,8.980797754328609e-06,0,1203.049,1203.049
ND-GY-F-001,福建俊杰新材料科技股份有限公司,2026-06-27 05:00:00,5,industrial,hour_5,2.0,105.919,4.090955850882017e-06,0,1316.112,1210.192
ND-GY-F-001,福建俊杰新材料科技股份有限公司,2026-06-27 06:00:00,6,industrial,hour_6,2.0,338.19,2.437175584090829e-06,0,1286.337,948.147
ND-GY-F-001,福建俊杰新材料科技股份有限公司,2026-06-27 07:00:00,7,industrial,hour_7,2.0,583.033,5.064366461880645e-06,0,1398.553,815.519
ND-GY-F-001,福建俊杰新材料科技股份有限公司,2026-06-27 08:00:00,8,industrial,hour_8,2.0,802.308,3.962525342698828e-06,0,1215.697,413.389
ND-GY-F-001,福建俊杰新材料科技股份有限公司,2026-06-27 09:00:00,9,industrial,hour_9,2.0,971.672,4.033350058987941e-06,0,1235.747,264.075
ND-GY-F-001,福建俊杰新材料科技股份有限公司,2026-06-27 10:00:00,10,industrial,hour_10,2.0,1086.303,4.146118967037343e-06,0,1383.919,297.616
ND-GY-F-001,福建俊杰新材料科技股份有限公司,2026-06-27 11:00:00,11,industrial,hour_11,2.0,1118.547,6.207671633858937e-06,0,1167.064,48.517
ND-GY-F-001,福建俊杰新材料科技股份有限公司,2026-06-27 12:00:00,12,industrial,hour_12,2.0,1090.087,4.871903739192174e-06,0,1150.345,60.258
ND-GY-F-001,福建俊杰新材料科技股份有限公司,2026-06-27 13:00:00,13,industrial,hour_13,2.0,990.685,2.3368402972811317e-06,0,1098.969,108.284
ND-GY-F-001,福建俊杰新材料科技股份有限公司,2026-06-27 14:00:00,14,industrial,hour_14,2.0,822.69,4.692930232985464e-06,0,1131.289,308.599
ND-GY-F-001,福建俊杰新材料科技股份有限公司,2026-06-27 15:00:00,15,industrial,hour_15,2.0,602.993,3.816575895127385e-06,0,1147.165,544.173
ND-GY-F-001,福建俊杰新材料科技股份有限公司,2026-06-27 16:00:00,16,industrial,hour_16,2.0,356.089,1.3888394160887097e-06,0,1143.914,787.825
ND-GY-F-001,福建俊杰新材料科技股份有限公司,2026-06-27 17:00:00,17,industrial,hour_17,2.0,118.696,1.365667677143771e-06,0,1232.111,1113.415
ND-GY-F-001,福建俊杰新材料科技股份有限公司,2026-06-27 18:00:00,18,industrial,hour_18,2.0,0.0,3.601420370768917e-06,0,1161.43,1161.43
ND-GY-F-001,福建俊杰新材料科技股份有限公司,2026-06-27 19:00:00,19,industrial,hour_19,2.0,0.0,6.813612475042614e-06,0,1110.706,1110.706
ND-GY-F-001,福建俊杰新材料科技股份有限公司,2026-06-27 20:00:00,20,industrial,hour_20,2.0,0.0,3.5368742358571734e-06,0,1137.576,1137.576
ND-GY-F-001,福建俊杰新材料科技股份有限公司,2026-06-27 21:00:00,21,industrial,hour_21,2.0,0.0,3.5368742358571734e-06,0,1102.901,1102.901
ND-GY-F-001,福建俊杰新材料科技股份有限公司,2026-06-27 22:00:00,22,industrial,hour_22,2.0,0.0,4.672759172426384e-06,0,1205.355,1205.355
ND-GY-F-001,福建俊杰新材料科技股份有限公司,2026-06-27 23:00:00,23,industrial,hour_23,2.0,0.0,5.570804574155646e-06,0,1128.52,1128.52
PT-GY-F-001,福建省莆田市新兴达饲料有限公司,2026-06-27 00:00:00,0,industrial,low_load_regressor,0.9,0.0,0.9998911308053849,1,26.505,26.505
PT-GY-F-001,福建省莆田市新兴达饲料有限公司,2026-06-27 01:00:00,1,industrial,low_load_regressor,0.9,0.0,0.9998825324394239,1,26.332,26.332
PT-GY-F-001,福建省莆田市新兴达饲料有限公司,2026-06-27 02:00:00,2,industrial,low_load_regressor,0.9,0.0,0.9999249496302178,1,23.408,23.408
PT-GY-F-001,福建省莆田市新兴达饲料有限公司,2026-06-27 03:00:00,3,industrial,low_load_regressor,0.9,0.0,0.9999249496302178,1,22.381,22.381
PT-GY-F-001,福建省莆田市新兴达饲料有限公司,2026-06-27 04:00:00,4,industrial,low_load_regressor,0.9,0.0,0.9998773452299442,1,21.417,21.417
PT-GY-F-001,福建省莆田市新兴达饲料有限公司,2026-06-27 05:00:00,5,industrial,low_load_regressor,0.9,18.795,0.9999397232986704,1,22.314,3.519
PT-GY-F-001,福建省莆田市新兴达饲料有限公司,2026-06-27 06:00:00,6,industrial,low_load_regressor,0.9,66.391,0.9993503697057675,1,56.813,0.0
PT-GY-F-001,福建省莆田市新兴达饲料有限公司,2026-06-27 07:00:00,7,industrial,hour_7,0.9,117.195,0.009592727393371511,0,112.796,0.0
PT-GY-F-001,福建省莆田市新兴达饲料有限公司,2026-06-27 08:00:00,8,industrial,hour_8,0.9,163.156,4.0654346026175656e-05,0,346.398,183.242
PT-GY-F-001,福建省莆田市新兴达饲料有限公司,2026-06-27 09:00:00,9,industrial,hour_9,0.9,198.806,1.740680371694387e-05,0,586.387,387.581
PT-GY-F-001,福建省莆田市新兴达饲料有限公司,2026-06-27 10:00:00,10,industrial,hour_10,0.9,222.306,2.1564355419668982e-05,0,592.922,370.616
PT-GY-F-001,福建省莆田市新兴达饲料有限公司,2026-06-27 11:00:00,11,industrial,hour_11,0.9,229.357,1.1235869506552937e-05,0,540.606,311.249
PT-GY-F-001,福建省莆田市新兴达饲料有限公司,2026-06-27 12:00:00,12,industrial,hour_12,0.9,224.137,1.1547488077225394e-05,0,489.574,265.437
PT-GY-F-001,福建省莆田市新兴达饲料有限公司,2026-06-27 13:00:00,13,industrial,hour_13,0.9,203.892,1.243573839995681e-05,0,504.987,301.095
PT-GY-F-001,福建省莆田市新兴达饲料有限公司,2026-06-27 14:00:00,14,industrial,hour_14,0.9,169.628,1.0981953530079806e-05,0,469.753,300.125
PT-GY-F-001,福建省莆田市新兴达饲料有限公司,2026-06-27 15:00:00,15,industrial,hour_15,0.9,124.507,1.7907376136918012e-05,0,558.747,434.24
PT-GY-F-001,福建省莆田市新兴达饲料有限公司,2026-06-27 16:00:00,16,industrial,hour_16,0.9,73.434,0.0007163256071198227,0,542.455,469.021
PT-GY-F-001,福建省莆田市新兴达饲料有限公司,2026-06-27 17:00:00,17,industrial,hour_17,0.9,24.388,0.0011768345788070505,0,576.879,552.491
PT-GY-F-001,福建省莆田市新兴达饲料有限公司,2026-06-27 18:00:00,18,industrial,hour_18,0.9,0.0,0.002410124423252547,0,455.012,455.012
PT-GY-F-001,福建省莆田市新兴达饲料有限公司,2026-06-27 19:00:00,19,industrial,hour_19,0.9,0.0,0.013383049308387936,0,189.419,189.419
PT-GY-F-001,福建省莆田市新兴达饲料有限公司,2026-06-27 20:00:00,20,industrial,low_load_regressor,0.9,0.0,0.803230619657784,1,59.357,59.357
PT-GY-F-001,福建省莆田市新兴达饲料有限公司,2026-06-27 21:00:00,21,industrial,low_load_regressor,0.9,0.0,0.9671180794623919,1,38.211,38.211
PT-GY-F-001,福建省莆田市新兴达饲料有限公司,2026-06-27 22:00:00,22,industrial,low_load_regressor,0.9,0.0,0.9878671357703355,1,30.297,30.297
PT-GY-F-001,福建省莆田市新兴达饲料有限公司,2026-06-27 23:00:00,23,industrial,low_load_regressor,0.9,0.0,0.9986330792366951,1,30.398,30.398
QZ-GY-001,泉州南岛新材料科技有限公司,2026-06-27 00:00:00,0,industrial,low_load_regressor,0.0,0.0,0.9999714111667463,1,17.475,17.475
QZ-GY-001,泉州南岛新材料科技有限公司,2026-06-27 01:00:00,1,industrial,low_load_regressor,0.0,0.0,0.9999601870449295,1,17.369,17.369
QZ-GY-001,泉州南岛新材料科技有限公司,2026-06-27 02:00:00,2,industrial,low_load_regressor,0.0,0.0,0.999959399576341,1,17.558,17.558
QZ-GY-001,泉州南岛新材料科技有限公司,2026-06-27 03:00:00,3,industrial,low_load_regressor,0.0,0.0,0.9999481610167639,1,18.799,18.799
QZ-GY-001,泉州南岛新材料科技有限公司,2026-06-27 04:00:00,4,industrial,low_load_regressor,0.0,0.0,0.9999414602619462,1,18.305,18.305
QZ-GY-001,泉州南岛新材料科技有限公司,2026-06-27 05:00:00,5,industrial,low_load_regressor,0.0,0.0,0.9999648029246329,1,17.979,17.979
QZ-GY-001,泉州南岛新材料科技有限公司,2026-06-27 06:00:00,6,industrial,low_load_regressor,0.0,0.0,0.9999578744209187,1,18.732,18.732
QZ-GY-001,泉州南岛新材料科技有限公司,2026-06-27 07:00:00,7,industrial,low_load_regressor,0.0,0.0,0.9997671123532289,1,23.186,23.186
QZ-GY-001,泉州南岛新材料科技有限公司,2026-06-27 08:00:00,8,industrial,low_load_regressor,0.0,0.0,0.9908975122690454,1,44.329,44.329
QZ-GY-001,泉州南岛新材料科技有限公司,2026-06-27 09:00:00,9,industrial,low_load_regressor,0.0,0.0,0.4112711219317209,1,60.714,60.714
QZ-GY-001,泉州南岛新材料科技有限公司,2026-06-27 10:00:00,10,industrial,hour_10,0.0,0.0,0.1946897870195086,0,129.009,129.009
QZ-GY-001,泉州南岛新材料科技有限公司,2026-06-27 11:00:00,11,industrial,low_load_regressor,0.0,0.0,0.49306303610478447,1,66.714,66.714
QZ-GY-001,泉州南岛新材料科技有限公司,2026-06-27 12:00:00,12,industrial,low_load_regressor,0.0,0.0,0.8473209370897767,1,50.81,50.81
QZ-GY-001,泉州南岛新材料科技有限公司,2026-06-27 13:00:00,13,industrial,low_load_regressor,0.0,0.0,0.9991217887519309,1,24.981,24.981
QZ-GY-001,泉州南岛新材料科技有限公司,2026-06-27 14:00:00,14,industrial,low_load_regressor,0.0,0.0,0.4458031101550967,1,56.071,56.071
QZ-GY-001,泉州南岛新材料科技有限公司,2026-06-27 15:00:00,15,industrial,low_load_regressor,0.0,0.0,0.7927286279075746,1,58.143,58.143
QZ-GY-001,泉州南岛新材料科技有限公司,2026-06-27 16:00:00,16,industrial,low_load_regressor,0.0,0.0,0.5896782149838967,1,61.071,61.071
QZ-GY-001,泉州南岛新材料科技有限公司,2026-06-27 17:00:00,17,industrial,low_load_regressor,0.0,0.0,0.9123379993948363,1,56.779,56.779
QZ-GY-001,泉州南岛新材料科技有限公司,2026-06-27 18:00:00,18,industrial,low_load_regressor,0.0,0.0,0.971608263277731,1,52.596,52.596
QZ-GY-001,泉州南岛新材料科技有限公司,2026-06-27 19:00:00,19,industrial,hour_19,0.0,0.0,0.13710950656380705,0,139.477,139.477
QZ-GY-001,泉州南岛新材料科技有限公司,2026-06-27 20:00:00,20,industrial,low_load_regressor,0.0,0.0,0.5164460229117646,1,65.429,65.429
QZ-GY-001,泉州南岛新材料科技有限公司,2026-06-27 21:00:00,21,industrial,low_load_regressor,0.0,0.0,0.9851121692132088,1,30.328,30.328
QZ-GY-001,泉州南岛新材料科技有限公司,2026-06-27 22:00:00,22,industrial,low_load_regressor,0.0,0.0,0.9991379648235678,1,23.495,23.495
QZ-GY-001,泉州南岛新材料科技有限公司,2026-06-27 23:00:00,23,industrial,low_load_regressor,0.0,0.0,0.9998633885562411,1,17.839,17.839
QZ-GY-002,泉州市泉港区昌玉汽车零件厂,2026-06-27 00:00:00,0,industrial,low_load_regressor,0.0,0.0,0.9999988346831142,1,11.862,11.862
QZ-GY-002,泉州市泉港区昌玉汽车零件厂,2026-06-27 01:00:00,1,industrial,low_load_regressor,0.0,0.0,0.9999993214070511,1,10.658,10.658
QZ-GY-002,泉州市泉港区昌玉汽车零件厂,2026-06-27 02:00:00,2,industrial,low_load_regressor,0.0,0.0,0.9999994000368855,1,10.1,10.1
QZ-GY-002,泉州市泉港区昌玉汽车零件厂,2026-06-27 03:00:00,3,industrial,low_load_regressor,0.0,0.0,0.9999992727009732,1,10.271,10.271
QZ-GY-002,泉州市泉港区昌玉汽车零件厂,2026-06-27 04:00:00,4,industrial,low_load_regressor,0.0,0.0,0.99999828415205,1,9.663,9.663
QZ-GY-002,泉州市泉港区昌玉汽车零件厂,2026-06-27 05:00:00,5,industrial,low_load_regressor,0.0,0.0,0.9999979850137192,1,8.72,8.72
QZ-GY-002,泉州市泉港区昌玉汽车零件厂,2026-06-27 06:00:00,6,industrial,low_load_regressor,0.0,0.0,0.999999030639503,1,8.051,8.051
QZ-GY-002,泉州市泉港区昌玉汽车零件厂,2026-06-27 07:00:00,7,industrial,low_load_regressor,0.0,0.0,0.9999991440577142,1,9.63,9.63
QZ-GY-002,泉州市泉港区昌玉汽车零件厂,2026-06-27 08:00:00,8,industrial,low_load_regressor,0.0,0.0,0.999996083618608,1,10.532,10.532
QZ-GY-002,泉州市泉港区昌玉汽车零件厂,2026-06-27 09:00:00,9,industrial,low_load_regressor,0.0,0.0,0.9994150474355964,1,43.186,43.186
QZ-GY-002,泉州市泉港区昌玉汽车零件厂,2026-06-27 10:00:00,10,industrial,low_load_regressor,0.0,0.0,0.9998428798470832,1,40.812,40.812
QZ-GY-002,泉州市泉港区昌玉汽车零件厂,2026-06-27 11:00:00,11,industrial,low_load_regressor,0.0,0.0,0.9999401059663612,1,28.63,28.63
QZ-GY-002,泉州市泉港区昌玉汽车零件厂,2026-06-27 12:00:00,12,industrial,low_load_regressor,0.0,0.0,0.9999682677186201,1,20.21,20.21
QZ-GY-002,泉州市泉港区昌玉汽车零件厂,2026-06-27 13:00:00,13,industrial,low_load_regressor,0.0,0.0,0.9999866920334382,1,18.148,18.148
QZ-GY-002,泉州市泉港区昌玉汽车零件厂,2026-06-27 14:00:00,14,industrial,low_load_regressor,0.0,0.0,0.99987595212269,1,35.352,35.352
QZ-GY-002,泉州市泉港区昌玉汽车零件厂,2026-06-27 15:00:00,15,industrial,low_load_regressor,0.0,0.0,0.9997231141333289,1,37.986,37.986
QZ-GY-002,泉州市泉港区昌玉汽车零件厂,2026-06-27 16:00:00,16,industrial,low_load_regressor,0.0,0.0,0.9999137278274223,1,43.843,43.843
QZ-GY-002,泉州市泉港区昌玉汽车零件厂,2026-06-27 17:00:00,17,industrial,low_load_regressor,0.0,0.0,0.9999463488123076,1,51.086,51.086
QZ-GY-002,泉州市泉港区昌玉汽车零件厂,2026-06-27 18:00:00,18,industrial,low_load_regressor,0.0,0.0,0.9999491304950505,1,47.361,47.361
QZ-GY-002,泉州市泉港区昌玉汽车零件厂,2026-06-27 19:00:00,19,industrial,low_load_regressor,0.0,0.0,0.9999667804388666,1,21.922,21.922
QZ-GY-002,泉州市泉港区昌玉汽车零件厂,2026-06-27 20:00:00,20,industrial,low_load_regressor,0.0,0.0,0.9999568419404378,1,26.077,26.077
QZ-GY-002,泉州市泉港区昌玉汽车零件厂,2026-06-27 21:00:00,21,industrial,low_load_regressor,0.0,0.0,0.9999811562593046,1,19.167,19.167
QZ-GY-002,泉州市泉港区昌玉汽车零件厂,2026-06-27 22:00:00,22,industrial,low_load_regressor,0.0,0.0,0.9999860008090307,1,13.74,13.74
QZ-GY-002,泉州市泉港区昌玉汽车零件厂,2026-06-27 23:00:00,23,industrial,low_load_regressor,0.0,0.0,0.9999912887729789,1,11.868,11.868
QZ-SY-001,泉州市鲤城三清工艺品有限公司,2026-06-27 00:00:00,0,industrial,hour_0,0.0,0.0,0.9943706019465637,0,117.043,117.043
QZ-SY-001,泉州市鲤城三清工艺品有限公司,2026-06-27 01:00:00,1,industrial,hour_1,0.0,0.0,0.9977723562743771,0,182.433,182.433
QZ-SY-001,泉州市鲤城三清工艺品有限公司,2026-06-27 02:00:00,2,industrial,low_load_regressor,0.0,0.0,0.999401532943219,1,55.907,55.907
QZ-SY-001,泉州市鲤城三清工艺品有限公司,2026-06-27 03:00:00,3,industrial,low_load_regressor,0.0,0.0,0.9997461389826835,1,45.314,45.314
QZ-SY-001,泉州市鲤城三清工艺品有限公司,2026-06-27 04:00:00,4,industrial,low_load_regressor,0.0,0.0,0.9994536017846416,1,43.508,43.508
QZ-SY-001,泉州市鲤城三清工艺品有限公司,2026-06-27 05:00:00,5,industrial,low_load_regressor,0.0,0.0,0.9998556655122195,1,43.77,43.77
QZ-SY-001,泉州市鲤城三清工艺品有限公司,2026-06-27 06:00:00,6,industrial,low_load_regressor,0.0,0.0,0.9999583965720495,1,41.218,41.218
QZ-SY-001,泉州市鲤城三清工艺品有限公司,2026-06-27 07:00:00,7,industrial,low_load_regressor,0.0,0.0,0.9999325635394902,1,40.226,40.226
QZ-SY-001,泉州市鲤城三清工艺品有限公司,2026-06-27 08:00:00,8,industrial,low_load_regressor,0.0,0.0,0.9997926093623283,1,36.846,36.846
QZ-SY-001,泉州市鲤城三清工艺品有限公司,2026-06-27 09:00:00,9,industrial,low_load_regressor,0.0,0.0,0.9997854740874638,1,40.499,40.499
QZ-SY-001,泉州市鲤城三清工艺品有限公司,2026-06-27 10:00:00,10,industrial,low_load_regressor,0.0,0.0,0.9996272263807267,1,44.773,44.773
QZ-SY-001,泉州市鲤城三清工艺品有限公司,2026-06-27 11:00:00,11,industrial,hour_11,0.0,0.0,0.9928267727260337,0,95.595,95.595
QZ-SY-001,泉州市鲤城三清工艺品有限公司,2026-06-27 12:00:00,12,industrial,hour_12,0.0,0.0,0.5875712865032454,0,97.559,97.559
QZ-SY-001,泉州市鲤城三清工艺品有限公司,2026-06-27 13:00:00,13,industrial,hour_13,0.0,0.0,0.6705335695803933,0,88.428,88.428
QZ-SY-001,泉州市鲤城三清工艺品有限公司,2026-06-27 14:00:00,14,industrial,hour_14,0.0,0.0,0.737217077903606,0,88.805,88.805
QZ-SY-001,泉州市鲤城三清工艺品有限公司,2026-06-27 15:00:00,15,industrial,hour_15,0.0,0.0,0.9350551425175567,0,93.795,93.795
QZ-SY-001,泉州市鲤城三清工艺品有限公司,2026-06-27 16:00:00,16,industrial,hour_16,0.0,0.0,0.8416130156184304,0,96.875,96.875
QZ-SY-001,泉州市鲤城三清工艺品有限公司,2026-06-27 17:00:00,17,industrial,hour_17,0.0,0.0,0.885016825743636,0,91.926,91.926
QZ-SY-001,泉州市鲤城三清工艺品有限公司,2026-06-27 18:00:00,18,industrial,hour_18,0.0,0.0,0.7368175521939412,0,96.778,96.778
QZ-SY-001,泉州市鲤城三清工艺品有限公司,2026-06-27 19:00:00,19,industrial,hour_19,0.0,0.0,0.3246383089904765,0,96.697,96.697
QZ-SY-001,泉州市鲤城三清工艺品有限公司,2026-06-27 20:00:00,20,industrial,hour_20,0.0,0.0,0.36833976634499666,0,92.716,92.716
QZ-SY-001,泉州市鲤城三清工艺品有限公司,2026-06-27 21:00:00,21,industrial,hour_21,0.0,0.0,0.46805063038407935,0,105.721,105.721
QZ-SY-001,泉州市鲤城三清工艺品有限公司,2026-06-27 22:00:00,22,industrial,hour_22,0.0,0.0,0.21088269502435458,0,103.965,103.965
QZ-SY-001,泉州市鲤城三清工艺品有限公司,2026-06-27 23:00:00,23,industrial,hour_23,0.0,0.0,0.9712483925720797,0,100.2,100.2
QZ-SY-F-001,福建省德化圣光工艺有限公司,2026-06-27 00:00:00,0,industrial,low_load_regressor,0.4,0.0,0.8430793280925888,1,49.371,49.371
QZ-SY-F-001,福建省德化圣光工艺有限公司,2026-06-27 01:00:00,1,industrial,low_load_regressor,0.4,0.0,0.6456062096357323,1,55.886,55.886
QZ-SY-F-001,福建省德化圣光工艺有限公司,2026-06-27 02:00:00,2,industrial,low_load_regressor,0.4,0.0,0.5299815337275391,1,58.457,58.457
QZ-SY-F-001,福建省德化圣光工艺有限公司,2026-06-27 03:00:00,3,industrial,low_load_regressor,0.4,0.0,0.6573446703839761,1,60.514,60.514
QZ-SY-F-001,福建省德化圣光工艺有限公司,2026-06-27 04:00:00,4,industrial,low_load_regressor,0.4,0.0,0.6334956905441363,1,60.171,60.171
QZ-SY-F-001,福建省德化圣光工艺有限公司,2026-06-27 05:00:00,5,industrial,low_load_regressor,0.4,6.27,0.998391506357387,1,33.429,27.159
QZ-SY-F-001,福建省德化圣光工艺有限公司,2026-06-27 06:00:00,6,industrial,low_load_regressor,0.4,23.73,0.997268221993087,1,31.639,7.909
QZ-SY-F-001,福建省德化圣光工艺有限公司,2026-06-27 07:00:00,7,industrial,low_load_regressor,0.4,42.985,0.9655450250275691,1,42.367,0.0
QZ-SY-F-001,福建省德化圣光工艺有限公司,2026-06-27 08:00:00,8,industrial,low_load_regressor,0.4,60.348,0.6979315353478203,1,67.438,7.09
QZ-SY-F-001,福建省德化圣光工艺有限公司,2026-06-27 09:00:00,9,industrial,hour_9,0.4,73.943,0.02773952413592542,0,180.591,106.648
QZ-SY-F-001,福建省德化圣光工艺有限公司,2026-06-27 10:00:00,10,industrial,hour_10,0.4,82.931,0.0006279492132578731,0,179.725,96.794
QZ-SY-F-001,福建省德化圣光工艺有限公司,2026-06-27 11:00:00,11,industrial,hour_11,0.4,85.87,0.0011606782096115268,0,192.399,106.529
QZ-SY-F-001,福建省德化圣光工艺有限公司,2026-06-27 12:00:00,12,industrial,hour_12,0.4,84.143,0.0006728366326149826,0,177.505,93.361
QZ-SY-F-001,福建省德化圣光工艺有限公司,2026-06-27 13:00:00,13,industrial,hour_13,0.4,77.084,0.015165572058117326,0,177.562,100.478
QZ-SY-F-001,福建省德化圣光工艺有限公司,2026-06-27 14:00:00,14,industrial,hour_14,0.4,64.465,0.13891320653472422,0,151.544,87.079
QZ-SY-F-001,福建省德化圣光工艺有限公司,2026-06-27 15:00:00,15,industrial,low_load_regressor,0.4,47.71,0.5366345980709197,1,72.154,24.443
QZ-SY-F-001,福建省德化圣光工艺有限公司,2026-06-27 16:00:00,16,industrial,low_load_regressor,0.4,28.606,0.6360904557137516,1,70.484,41.878
QZ-SY-F-001,福建省德化圣光工艺有限公司,2026-06-27 17:00:00,17,industrial,low_load_regressor,0.4,10.043,0.7075716219726852,1,63.327,53.284
QZ-SY-F-001,福建省德化圣光工艺有限公司,2026-06-27 18:00:00,18,industrial,low_load_regressor,0.4,0.0,0.5258228018640264,1,53.522,53.522
QZ-SY-F-001,福建省德化圣光工艺有限公司,2026-06-27 19:00:00,19,industrial,low_load_regressor,0.4,0.0,0.6013179121668224,1,52.688,52.688
QZ-SY-F-001,福建省德化圣光工艺有限公司,2026-06-27 20:00:00,20,industrial,low_load_regressor,0.4,0.0,0.5774078328810225,1,52.714,52.714
QZ-SY-F-001,福建省德化圣光工艺有限公司,2026-06-27 21:00:00,21,industrial,low_load_regressor,0.4,0.0,0.7523350930032932,1,40.114,40.114
QZ-SY-F-001,福建省德化圣光工艺有限公司,2026-06-27 22:00:00,22,industrial,low_load_regressor,0.4,0.0,0.6414101781629301,1,45.429,45.429
QZ-SY-F-001,福建省德化圣光工艺有限公司,2026-06-27 23:00:00,23,industrial,low_load_regressor,0.4,0.0,0.7370125244803124,1,44.4,44.4
