用户编号,用户名称,datetime,hour,pv_capacity,pv_est,proba_low,is_low_load_pred,pred_total_load,pred_net_load
FZ-CZ-001,津太新能源科技（福建）有限公司,2026-07-02 00:00:00,0,0.0,0.0,0.0012696063922710231,0,203.19893960013428,203.19893960013428
FZ-CZ-001,津太新能源科技（福建）有限公司,2026-07-02 01:00:00,1,0.0,0.0,3.363670975862611e-05,0,546.7545899343379,546.7545899343379
FZ-CZ-001,津太新能源科技（福建）有限公司,2026-07-02 02:00:00,2,0.0,0.0,0.00030662279696734796,0,294.6670687963799,294.6670687963799
FZ-CZ-001,津太新能源科技（福建）有限公司,2026-07-02 03:00:00,3,0.0,0.0,0.23504467940993334,0,183.50127437531742,183.50127437531742
FZ-CZ-001,津太新能源科技（福建）有限公司,2026-07-02 04:00:00,4,0.0,0.0,0.8667365299973734,1,51.222371212920784,51.222371212920784
FZ-CZ-001,津太新能源科技（福建）有限公司,2026-07-02 05:00:00,5,0.0,0.0,0.7969903767558325,1,40.82039684003504,40.82039684003504
FZ-CZ-001,津太新能源科技（福建）有限公司,2026-07-02 06:00:00,6,0.0,0.0,9.893734056475628e-05,0,245.48170138107665,245.48170138107665
FZ-CZ-001,津太新能源科技（福建）有限公司,2026-07-02 07:00:00,7,0.0,0.0,0.00015545745330241835,0,397.62084633685436,397.62084633685436
FZ-CZ-001,津太新能源科技（福建）有限公司,2026-07-02 08:00:00,8,0.0,0.0,5.833956777813487e-05,0,463.67224517825696,463.67224517825696
FZ-CZ-001,津太新能源科技（福建）有限公司,2026-07-02 09:00:00,9,0.0,0.0,0.04642309963031197,0,212.29369741911407,212.29369741911407
FZ-CZ-001,津太新能源科技（福建）有限公司,2026-07-02 10:00:00,10,0.0,0.0,0.02650756688281031,0,322.9223665028307,322.9223665028307
FZ-CZ-001,津太新能源科技（福建）有限公司,2026-07-02 11:00:00,11,0.0,0.0,0.35278449901256603,0,268.35782858732983,268.35782858732983
FZ-CZ-001,津太新能源科技（福建）有限公司,2026-07-02 12:00:00,12,0.0,0.0,0.0552674779116802,0,320.71897022521784,320.71897022521784
FZ-CZ-001,津太新能源科技（福建）有限公司,2026-07-02 13:00:00,13,0.0,0.0,7.981122557933562e-05,0,452.1979706627903,452.1979706627903
FZ-CZ-001,津太新能源科技（福建）有限公司,2026-07-02 14:00:00,14,0.0,0.0,4.9039769321681015e-05,0,358.155607675896,358.155607675896
FZ-CZ-001,津太新能源科技（福建）有限公司,2026-07-02 15:00:00,15,0.0,0.0,0.00010577841596242828,0,258.289588488538,258.289588488538
FZ-CZ-001,津太新能源科技（福建）有限公司,2026-07-02 16:00:00,16,0.0,0.0,0.006953983718002836,0,233.8859105875078,233.8859105875078
FZ-CZ-001,津太新能源科技（福建）有限公司,2026-07-02 17:00:00,17,0.0,0.0,0.0027832027141953992,0,231.7299933429043,231.7299933429043
FZ-CZ-001,津太新能源科技（福建）有限公司,2026-07-02 18:00:00,18,0.0,0.0,0.016947808192975606,0,244.8569107690827,244.8569107690827
FZ-CZ-001,津太新能源科技（福建）有限公司,2026-07-02 19:00:00,19,0.0,0.0,0.016324412908417355,0,293.9806161305515,293.9806161305515
FZ-CZ-001,津太新能源科技（福建）有限公司,2026-07-02 20:00:00,20,0.0,0.0,0.019405765505115777,0,269.29351419560805,269.29351419560805
FZ-CZ-001,津太新能源科技（福建）有限公司,2026-07-02 21:00:00,21,0.0,0.0,5.971317776691478e-05,0,327.22598023027575,327.22598023027575
FZ-CZ-001,津太新能源科技（福建）有限公司,2026-07-02 22:00:00,22,0.0,0.0,0.003675892170757413,0,139.40200097120615,139.40200097120615
FZ-CZ-001,津太新能源科技（福建）有限公司,2026-07-02 23:00:00,23,0.0,0.0,0.00011999275556207954,0,249.77194038626914,249.77194038626914
FZ-GG-001,福州市晋安区象园街道办事处,2026-07-02 00:00:00,0,0.0,0.0,0.003274531888997171,0,155.15111919348647,155.15111919348647
FZ-GG-001,福州市晋安区象园街道办事处,2026-07-02 01:00:00,1,0.0,0.0,0.018134851670661176,0,215.84499026630948,215.84499026630948
FZ-GG-001,福州市晋安区象园街道办事处,2026-07-02 02:00:00,2,0.0,0.0,0.03939275327141892,0,155.3895391331642,155.3895391331642
FZ-GG-001,福州市晋安区象园街道办事处,2026-07-02 03:00:00,3,0.0,0.0,0.4603375625146898,1,71.53336762049683,71.53336762049683
FZ-GG-001,福州市晋安区象园街道办事处,2026-07-02 04:00:00,4,0.0,0.0,0.9441501997024773,1,68.81860631455258,68.81860631455258
FZ-GG-001,福州市晋安区象园街道办事处,2026-07-02 05:00:00,5,0.0,0.0,0.9859351397081846,1,54.500501317456546,54.500501317456546
FZ-GG-001,福州市晋安区象园街道办事处,2026-07-02 06:00:00,6,0.0,0.0,0.9957416272942724,1,46.89996865348764,46.89996865348764
FZ-GG-001,福州市晋安区象园街道办事处,2026-07-02 07:00:00,7,0.0,0.0,0.9900823312749099,1,56.17826720197577,56.17826720197577
FZ-GG-001,福州市晋安区象园街道办事处,2026-07-02 08:00:00,8,0.0,0.0,0.4422648681264252,1,68.0065331875587,68.0065331875587
FZ-GG-001,福州市晋安区象园街道办事处,2026-07-02 09:00:00,9,0.0,0.0,0.009827530881832438,0,183.9988122190759,183.9988122190759
FZ-GG-001,福州市晋安区象园街道办事处,2026-07-02 10:00:00,10,0.0,0.0,0.0010337028428817256,0,172.399299073154,172.399299073154
FZ-GG-001,福州市晋安区象园街道办事处,2026-07-02 11:00:00,11,0.0,0.0,0.0003599611187408819,0,222.37239042072852,222.37239042072852
FZ-GG-001,福州市晋安区象园街道办事处,2026-07-02 12:00:00,12,0.0,0.0,0.00023361168685889118,0,220.420411892725,220.420411892725
FZ-GG-001,福州市晋安区象园街道办事处,2026-07-02 13:00:00,13,0.0,0.0,0.00047459255419016227,0,206.87193399552416,206.87193399552416
FZ-GG-001,福州市晋安区象园街道办事处,2026-07-02 14:00:00,14,0.0,0.0,0.0005120894041595666,0,229.18737092842346,229.18737092842346
FZ-GG-001,福州市晋安区象园街道办事处,2026-07-02 15:00:00,15,0.0,0.0,0.0007466985264865403,0,196.52717337033806,196.52717337033806
FZ-GG-001,福州市晋安区象园街道办事处,2026-07-02 16:00:00,16,0.0,0.0,0.0001920689440128652,0,178.6445306979338,178.6445306979338
FZ-GG-001,福州市晋安区象园街道办事处,2026-07-02 17:00:00,17,0.0,0.0,0.00011127077906615627,0,202.80277883002293,202.80277883002293
FZ-GG-001,福州市晋安区象园街道办事处,2026-07-02 18:00:00,18,0.0,0.0,8.183197673144282e-05,0,196.19071611612594,196.19071611612594
FZ-GG-001,福州市晋安区象园街道办事处,2026-07-02 19:00:00,19,0.0,0.0,0.00013380755975910018,0,198.29107575500979,198.29107575500979
FZ-GG-001,福州市晋安区象园街道办事处,2026-07-02 20:00:00,20,0.0,0.0,0.0001136952777693201,0,187.86857099683058,187.86857099683058
FZ-GG-001,福州市晋安区象园街道办事处,2026-07-02 21:00:00,21,0.0,0.0,0.00014537007479023705,0,190.26927697767744,190.26927697767744
FZ-GG-001,福州市晋安区象园街道办事处,2026-07-02 22:00:00,22,0.0,0.0,0.00023745261617452452,0,142.8344954941775,142.8344954941775
FZ-GG-001,福州市晋安区象园街道办事处,2026-07-02 23:00:00,23,0.0,0.0,0.001214158845487981,0,161.42057232236132,161.42057232236132
FZ-GG-002,福州市鼓楼区元兴物业有限公司,2026-07-02 00:00:00,0,0.0,0.0,0.9916357773093617,1,53.27277083152563,53.27277083152563
FZ-GG-002,福州市鼓楼区元兴物业有限公司,2026-07-02 01:00:00,1,0.0,0.0,0.9998795710522724,1,40.159391780332946,40.159391780332946
FZ-GG-002,福州市鼓楼区元兴物业有限公司,2026-07-02 02:00:00,2,0.0,0.0,0.9998970409583516,1,39.55657793807536,39.55657793807536
FZ-GG-002,福州市鼓楼区元兴物业有限公司,2026-07-02 03:00:00,3,0.0,0.0,0.9998471164555869,1,38.232916190039056,38.232916190039056
FZ-GG-002,福州市鼓楼区元兴物业有限公司,2026-07-02 04:00:00,4,0.0,0.0,0.9979496221857044,1,42.59488905129354,42.59488905129354
FZ-GG-002,福州市鼓楼区元兴物业有限公司,2026-07-02 05:00:00,5,0.0,0.0,0.9977411406661006,1,45.92448635221157,45.92448635221157
FZ-GG-002,福州市鼓楼区元兴物业有限公司,2026-07-02 06:00:00,6,0.0,0.0,0.6615354090945023,1,67.11153157109918,67.11153157109918
FZ-GG-002,福州市鼓楼区元兴物业有限公司,2026-07-02 07:00:00,7,0.0,0.0,0.09396092598813573,0,116.33719897746232,116.33719897746232
FZ-GG-002,福州市鼓楼区元兴物业有限公司,2026-07-02 08:00:00,8,0.0,0.0,0.0016303410313295334,0,206.68045692233787,206.68045692233787
FZ-GG-002,福州市鼓楼区元兴物业有限公司,2026-07-02 09:00:00,9,0.0,0.0,0.00034721913569496835,0,250.9457658740369,250.9457658740369
FZ-GG-002,福州市鼓楼区元兴物业有限公司,2026-07-02 10:00:00,10,0.0,0.0,0.00010753955408483022,0,368.2462936523522,368.2462936523522
FZ-GG-002,福州市鼓楼区元兴物业有限公司,2026-07-02 11:00:00,11,0.0,0.0,7.337126963433866e-05,0,448.6120533612603,448.6120533612603
FZ-GG-002,福州市鼓楼区元兴物业有限公司,2026-07-02 12:00:00,12,0.0,0.0,3.472659686112056e-05,0,478.52188795447313,478.52188795447313
FZ-GG-002,福州市鼓楼区元兴物业有限公司,2026-07-02 13:00:00,13,0.0,0.0,2.611910318483351e-05,0,412.99602015015444,412.99602015015444
FZ-GG-002,福州市鼓楼区元兴物业有限公司,2026-07-02 14:00:00,14,0.0,0.0,5.337214515410187e-05,0,387.3679534934648,387.3679534934648
FZ-GG-002,福州市鼓楼区元兴物业有限公司,2026-07-02 15:00:00,15,0.0,0.0,6.323496384104165e-05,0,412.61889494414214,412.61889494414214
FZ-GG-002,福州市鼓楼区元兴物业有限公司,2026-07-02 16:00:00,16,0.0,0.0,5.80302723118175e-05,0,376.3650334718931,376.3650334718931
FZ-GG-002,福州市鼓楼区元兴物业有限公司,2026-07-02 17:00:00,17,0.0,0.0,9.005876203771594e-05,0,405.12051443121317,405.12051443121317
FZ-GG-002,福州市鼓楼区元兴物业有限公司,2026-07-02 18:00:00,18,0.0,0.0,0.00011187116751577111,0,432.1844957019687,432.1844957019687
FZ-GG-002,福州市鼓楼区元兴物业有限公司,2026-07-02 19:00:00,19,0.0,0.0,9.328915741962255e-05,0,305.3298612647639,305.3298612647639
FZ-GG-002,福州市鼓楼区元兴物业有限公司,2026-07-02 20:00:00,20,0.0,0.0,0.00010538112978843918,0,331.63557695820475,331.63557695820475
FZ-GG-002,福州市鼓楼区元兴物业有限公司,2026-07-02 21:00:00,21,0.0,0.0,0.000433720681883308,0,247.91109582411863,247.91109582411863
FZ-GG-002,福州市鼓楼区元兴物业有限公司,2026-07-02 22:00:00,22,0.0,0.0,0.003074028735946707,0,180.08894069518627,180.08894069518627
FZ-GG-002,福州市鼓楼区元兴物业有限公司,2026-07-02 23:00:00,23,0.0,0.0,0.6296162326844088,1,69.07834089003815,69.07834089003815
FZ-GG-003,福建安捷物业管理有限公司,2026-07-02 00:00:00,0,0.0,0.0,8.416933729438279e-07,0,509.44173565465036,509.44173565465036
FZ-GG-003,福建安捷物业管理有限公司,2026-07-02 01:00:00,1,0.0,0.0,1.549327668946369e-06,0,532.5229736727222,532.5229736727222
FZ-GG-003,福建安捷物业管理有限公司,2026-07-02 02:00:00,2,0.0,0.0,1.8818206247261486e-06,0,509.0755011069667,509.0755011069667
FZ-GG-003,福建安捷物业管理有限公司,2026-07-02 03:00:00,3,0.0,0.0,2.8684083347929667e-06,0,492.5061393811942,492.5061393811942
FZ-GG-003,福建安捷物业管理有限公司,2026-07-02 04:00:00,4,0.0,0.0,4.337098164207872e-06,0,463.8899171506124,463.8899171506124
FZ-GG-003,福建安捷物业管理有限公司,2026-07-02 05:00:00,5,0.0,0.0,2.434394739636231e-06,0,473.1476666005593,473.1476666005593
FZ-GG-003,福建安捷物业管理有限公司,2026-07-02 06:00:00,6,0.0,0.0,2.8967987220051324e-06,0,535.0586123076524,535.0586123076524
FZ-GG-003,福建安捷物业管理有限公司,2026-07-02 07:00:00,7,0.0,0.0,7.4790108805027144e-06,0,484.7783067154154,484.7783067154154
FZ-GG-003,福建安捷物业管理有限公司,2026-07-02 08:00:00,8,0.0,0.0,3.234157653838875e-06,0,529.6105435454739,529.6105435454739
FZ-GG-003,福建安捷物业管理有限公司,2026-07-02 09:00:00,9,0.0,0.0,1.6406050152202056e-06,0,862.3336035048698,862.3336035048698
FZ-GG-003,福建安捷物业管理有限公司,2026-07-02 10:00:00,10,0.0,0.0,8.519983688624706e-07,0,1532.0329234755636,1532.0329234755636
FZ-GG-003,福建安捷物业管理有限公司,2026-07-02 11:00:00,11,0.0,0.0,7.600492155636922e-07,0,1366.6757752992255,1366.6757752992255
FZ-GG-003,福建安捷物业管理有限公司,2026-07-02 12:00:00,12,0.0,0.0,8.768928300770869e-07,0,1434.3599209135043,1434.3599209135043
FZ-GG-003,福建安捷物业管理有限公司,2026-07-02 13:00:00,13,0.0,0.0,5.992736372645815e-07,0,1370.4138607037012,1370.4138607037012
FZ-GG-003,福建安捷物业管理有限公司,2026-07-02 14:00:00,14,0.0,0.0,7.743244829073732e-07,0,1134.478996699283,1134.478996699283
FZ-GG-003,福建安捷物业管理有限公司,2026-07-02 15:00:00,15,0.0,0.0,8.256270480446736e-07,0,1187.834121546554,1187.834121546554
FZ-GG-003,福建安捷物业管理有限公司,2026-07-02 16:00:00,16,0.0,0.0,4.793273439690886e-07,0,1153.7187302780428,1153.7187302780428
FZ-GG-003,福建安捷物业管理有限公司,2026-07-02 17:00:00,17,0.0,0.0,6.609059091345103e-07,0,1243.3949999948186,1243.3949999948186
FZ-GG-003,福建安捷物业管理有限公司,2026-07-02 18:00:00,18,0.0,0.0,8.189283516656029e-07,0,1156.310459445912,1156.310459445912
FZ-GG-003,福建安捷物业管理有限公司,2026-07-02 19:00:00,19,0.0,0.0,8.164364788064247e-07,0,1195.4750070580772,1195.4750070580772
FZ-GG-003,福建安捷物业管理有限公司,2026-07-02 20:00:00,20,0.0,0.0,9.102362504092796e-07,0,1052.1187243426593,1052.1187243426593
FZ-GG-003,福建安捷物业管理有限公司,2026-07-02 21:00:00,21,0.0,0.0,8.92256495593452e-07,0,875.3307893691098,875.3307893691098
FZ-GG-003,福建安捷物业管理有限公司,2026-07-02 22:00:00,22,0.0,0.0,1.1395826539733335e-06,0,655.2317387044086,655.2317387044086
FZ-GG-003,福建安捷物业管理有限公司,2026-07-02 23:00:00,23,0.0,0.0,1.2219201791334352e-06,0,543.3420036602062,543.3420036602062
FZ-GG-004,福建运杰物流有限公司,2026-07-02 00:00:00,0,0.0,0.0,0.9995651072115616,1,40.02020061847133,40.02020061847133
FZ-GG-004,福建运杰物流有限公司,2026-07-02 01:00:00,1,0.0,0.0,0.9997168634508018,1,38.071855046459824,38.071855046459824
FZ-GG-004,福建运杰物流有限公司,2026-07-02 02:00:00,2,0.0,0.0,0.9997321509900419,1,36.52600590892731,36.52600590892731
FZ-GG-004,福建运杰物流有限公司,2026-07-02 03:00:00,3,0.0,0.0,0.9996375411638969,1,32.235706061596794,32.235706061596794
FZ-GG-004,福建运杰物流有限公司,2026-07-02 04:00:00,4,0.0,0.0,0.9988463522828539,1,30.48621616915452,30.48621616915452
FZ-GG-004,福建运杰物流有限公司,2026-07-02 05:00:00,5,0.0,0.0,0.9972259260189472,1,32.77341090135403,32.77341090135403
FZ-GG-004,福建运杰物流有限公司,2026-07-02 06:00:00,6,0.0,0.0,0.9963182576384951,1,31.90341090135405,31.90341090135405
FZ-GG-004,福建运杰物流有限公司,2026-07-02 07:00:00,7,0.0,0.0,0.999232803507524,1,40.04216847815025,40.04216847815025
FZ-GG-004,福建运杰物流有限公司,2026-07-02 08:00:00,8,0.0,0.0,0.9867233484871956,1,44.80425767002823,44.80425767002823
FZ-GG-004,福建运杰物流有限公司,2026-07-02 09:00:00,9,0.0,0.0,0.9350621696999671,1,62.15974375380569,62.15974375380569
FZ-GG-004,福建运杰物流有限公司,2026-07-02 10:00:00,10,0.0,0.0,0.20898078374903545,0,116.92858032102794,116.92858032102794
FZ-GG-004,福建运杰物流有限公司,2026-07-02 11:00:00,11,0.0,0.0,0.008894287814964423,0,133.36546428889477,133.36546428889477
FZ-GG-004,福建运杰物流有限公司,2026-07-02 12:00:00,12,0.0,0.0,0.002190277813612129,0,126.93731151154509,126.93731151154509
FZ-GG-004,福建运杰物流有限公司,2026-07-02 13:00:00,13,0.0,0.0,0.010996156377652496,0,112.3006248495522,112.3006248495522
FZ-GG-004,福建运杰物流有限公司,2026-07-02 14:00:00,14,0.0,0.0,0.010981713529794244,0,114.89605141865299,114.89605141865299
FZ-GG-004,福建运杰物流有限公司,2026-07-02 15:00:00,15,0.0,0.0,0.009316448191878029,0,110.04594232851089,110.04594232851089
FZ-GG-004,福建运杰物流有限公司,2026-07-02 16:00:00,16,0.0,0.0,0.010686925197101604,0,131.8884868457604,131.8884868457604
FZ-GG-004,福建运杰物流有限公司,2026-07-02 17:00:00,17,0.0,0.0,0.005187844057845078,0,116.87830363760776,116.87830363760776
FZ-GG-004,福建运杰物流有限公司,2026-07-02 18:00:00,18,0.0,0.0,0.012846314041766133,0,102.87385681415327,102.87385681415327
FZ-GG-004,福建运杰物流有限公司,2026-07-02 19:00:00,19,0.0,0.0,0.029892304900027155,0,98.68534352218504,98.68534352218504
FZ-GG-004,福建运杰物流有限公司,2026-07-02 20:00:00,20,0.0,0.0,0.20712228203924182,0,99.1737426771616,99.1737426771616
FZ-GG-004,福建运杰物流有限公司,2026-07-02 21:00:00,21,0.0,0.0,0.6939185193451263,1,70.21726672784219,70.21726672784219
FZ-GG-004,福建运杰物流有限公司,2026-07-02 22:00:00,22,0.0,0.0,0.9544435307189244,1,59.52174619896521,59.52174619896521
FZ-GG-004,福建运杰物流有限公司,2026-07-02 23:00:00,23,0.0,0.0,0.9935540471006109,1,52.762052996728364,52.762052996728364
FZ-GG-005,福建省元乐达工贸有限公司,2026-07-02 00:00:00,0,0.0,0.0,0.003011350168253214,0,166.85867416713498,166.85867416713498
FZ-GG-005,福建省元乐达工贸有限公司,2026-07-02 01:00:00,1,0.0,0.0,0.005952564619066057,0,218.94932913514356,218.94932913514356
FZ-GG-005,福建省元乐达工贸有限公司,2026-07-02 02:00:00,2,0.0,0.0,0.04320692615299597,0,176.2214432213895,176.2214432213895
FZ-GG-005,福建省元乐达工贸有限公司,2026-07-02 03:00:00,3,0.0,0.0,0.37893652804563666,0,129.69406100939827,129.69406100939827
FZ-GG-005,福建省元乐达工贸有限公司,2026-07-02 04:00:00,4,0.0,0.0,0.5317018845312882,1,74.06127532264848,74.06127532264848
FZ-GG-005,福建省元乐达工贸有限公司,2026-07-02 05:00:00,5,0.0,0.0,0.1557752563993179,0,108.7487534621643,108.7487534621643
FZ-GG-005,福建省元乐达工贸有限公司,2026-07-02 06:00:00,6,0.0,0.0,0.41836188976450966,1,74.41416427225141,74.41416427225141
FZ-GG-005,福建省元乐达工贸有限公司,2026-07-02 07:00:00,7,0.0,0.0,0.6676582305832908,1,74.63648192225345,74.63648192225345
FZ-GG-005,福建省元乐达工贸有限公司,2026-07-02 08:00:00,8,0.0,0.0,0.0019342574097331057,0,174.61919031208757,174.61919031208757
FZ-GG-005,福建省元乐达工贸有限公司,2026-07-02 09:00:00,9,0.0,0.0,0.0004009092230607616,0,213.3040000369547,213.3040000369547
FZ-GG-005,福建省元乐达工贸有限公司,2026-07-02 10:00:00,10,0.0,0.0,0.00022879409220785113,0,240.68096339721208,240.68096339721208
FZ-GG-005,福建省元乐达工贸有限公司,2026-07-02 11:00:00,11,0.0,0.0,0.00011572788327597292,0,252.9213128877938,252.9213128877938
FZ-GG-005,福建省元乐达工贸有限公司,2026-07-02 12:00:00,12,0.0,0.0,0.00013298319450034805,0,229.25413656182488,229.25413656182488
FZ-GG-005,福建省元乐达工贸有限公司,2026-07-02 13:00:00,13,0.0,0.0,0.0007485091034202011,0,198.2337180306529,198.2337180306529
FZ-GG-005,福建省元乐达工贸有限公司,2026-07-02 14:00:00,14,0.0,0.0,0.00011799855220397325,0,249.34087007948756,249.34087007948756
FZ-GG-005,福建省元乐达工贸有限公司,2026-07-02 15:00:00,15,0.0,0.0,0.00013242429631102738,0,299.4312125077601,299.4312125077601
FZ-GG-005,福建省元乐达工贸有限公司,2026-07-02 16:00:00,16,0.0,0.0,0.00017333814475059138,0,218.89104370888796,218.89104370888796
FZ-GG-005,福建省元乐达工贸有限公司,2026-07-02 17:00:00,17,0.0,0.0,0.0001028449862911035,0,246.09676503879356,246.09676503879356
FZ-GG-005,福建省元乐达工贸有限公司,2026-07-02 18:00:00,18,0.0,0.0,0.0004300620534473633,0,172.39221035546993,172.39221035546993
FZ-GG-005,福建省元乐达工贸有限公司,2026-07-02 19:00:00,19,0.0,0.0,0.00024560237400246575,0,212.48165266880625,212.48165266880625
FZ-GG-005,福建省元乐达工贸有限公司,2026-07-02 20:00:00,20,0.0,0.0,0.0001573362555575494,0,197.8995067313409,197.8995067313409
FZ-GG-005,福建省元乐达工贸有限公司,2026-07-02 21:00:00,21,0.0,0.0,0.0001736012367187389,0,245.99197505488,245.99197505488
FZ-GG-005,福建省元乐达工贸有限公司,2026-07-02 22:00:00,22,0.0,0.0,0.0002736125649493424,0,202.0591876901353,202.0591876901353
FZ-GG-005,福建省元乐达工贸有限公司,2026-07-02 23:00:00,23,0.0,0.0,0.0006962265275714528,0,205.51948371799955,205.51948371799955
FZ-GY-001,福州信青源家具有限公司,2026-07-02 00:00:00,0,0.0,0.0,0.9999290539787569,1,22.744779759511875,22.744779759511875
FZ-GY-001,福州信青源家具有限公司,2026-07-02 01:00:00,1,0.0,0.0,0.9999880760696818,1,9.707653424141375,9.707653424141375
FZ-GY-001,福州信青源家具有限公司,2026-07-02 02:00:00,2,0.0,0.0,0.9999880760696818,1,9.32036184555985,9.32036184555985
FZ-GY-001,福州信青源家具有限公司,2026-07-02 03:00:00,3,0.0,0.0,0.9999657166010345,1,8.943479333533412,8.943479333533412
FZ-GY-001,福州信青源家具有限公司,2026-07-02 04:00:00,4,0.0,0.0,0.9999617267660855,1,8.509164846905511,8.509164846905511
FZ-GY-001,福州信青源家具有限公司,2026-07-02 05:00:00,5,0.0,0.0,0.9999102843061263,1,9.800633278568233,9.800633278568233
FZ-GY-001,福州信青源家具有限公司,2026-07-02 06:00:00,6,0.0,0.0,0.9974214101580298,1,21.792009364474495,21.792009364474495
FZ-GY-001,福州信青源家具有限公司,2026-07-02 07:00:00,7,0.0,0.0,0.8623783313631255,1,48.811285295423716,48.811285295423716
FZ-GY-001,福州信青源家具有限公司,2026-07-02 08:00:00,8,0.0,0.0,0.000366484491472544,0,152.17279511307316,152.17279511307316
FZ-GY-001,福州信青源家具有限公司,2026-07-02 09:00:00,9,0.0,0.0,0.00017545631783198436,0,187.72318861387603,187.72318861387603
FZ-GY-001,福州信青源家具有限公司,2026-07-02 10:00:00,10,0.0,0.0,5.610872381704554e-05,0,186.53472163086687,186.53472163086687
FZ-GY-001,福州信青源家具有限公司,2026-07-02 11:00:00,11,0.0,0.0,4.933220653104792e-05,0,210.87671476471812,210.87671476471812
FZ-GY-001,福州信青源家具有限公司,2026-07-02 12:00:00,12,0.0,0.0,0.0007359662824972054,0,155.95387488713132,155.95387488713132
FZ-GY-001,福州信青源家具有限公司,2026-07-02 13:00:00,13,0.0,0.0,0.066952520039393,0,137.17994126795017,137.17994126795017
FZ-GY-001,福州信青源家具有限公司,2026-07-02 14:00:00,14,0.0,0.0,0.00021469564809365978,0,170.83103373782424,170.83103373782424
FZ-GY-001,福州信青源家具有限公司,2026-07-02 15:00:00,15,0.0,0.0,4.252081144438426e-05,0,180.0332071166818,180.0332071166818
FZ-GY-001,福州信青源家具有限公司,2026-07-02 16:00:00,16,0.0,0.0,5.396191064182756e-05,0,173.7383045108214,173.7383045108214
FZ-GY-001,福州信青源家具有限公司,2026-07-02 17:00:00,17,0.0,0.0,9.55430080278882e-05,0,181.29116238547064,181.29116238547064
FZ-GY-001,福州信青源家具有限公司,2026-07-02 18:00:00,18,0.0,0.0,0.005738462980122572,0,121.56245863726333,121.56245863726333
FZ-GY-001,福州信青源家具有限公司,2026-07-02 19:00:00,19,0.0,0.0,0.0010195233378749227,0,140.7226747007924,140.7226747007924
FZ-GY-001,福州信青源家具有限公司,2026-07-02 20:00:00,20,0.0,0.0,0.029159489913964595,0,125.98425107778796,125.98425107778796
FZ-GY-001,福州信青源家具有限公司,2026-07-02 21:00:00,21,0.0,0.0,0.048725066921062904,0,124.72686580162423,124.72686580162423
FZ-GY-001,福州信青源家具有限公司,2026-07-02 22:00:00,22,0.0,0.0,0.4869318063221556,1,53.902319189309544,53.902319189309544
FZ-GY-001,福州信青源家具有限公司,2026-07-02 23:00:00,23,0.0,0.0,0.9996822382120545,1,28.75972242600488,28.75972242600488
FZ-GY-002,福州年盛机电有限公司,2026-07-02 00:00:00,0,0.0,0.0,0.9999077375957346,1,19.262833465688733,19.262833465688733
FZ-GY-002,福州年盛机电有限公司,2026-07-02 01:00:00,1,0.0,0.0,0.9998977370136645,1,14.90009428950705,14.90009428950705
FZ-GY-002,福州年盛机电有限公司,2026-07-02 02:00:00,2,0.0,0.0,0.9998977370136645,1,15.616245776436733,15.616245776436733
FZ-GY-002,福州年盛机电有限公司,2026-07-02 03:00:00,3,0.0,0.0,0.999764452193321,1,14.273424064126052,14.273424064126052
FZ-GY-002,福州年盛机电有限公司,2026-07-02 04:00:00,4,0.0,0.0,0.9996321181944919,1,14.685129218973374,14.685129218973374
FZ-GY-002,福州年盛机电有限公司,2026-07-02 05:00:00,5,0.0,0.0,0.9998007352462464,1,14.918765205528485,14.918765205528485
FZ-GY-002,福州年盛机电有限公司,2026-07-02 06:00:00,6,0.0,0.0,0.9996084010196754,1,15.08587365946879,15.08587365946879
FZ-GY-002,福州年盛机电有限公司,2026-07-02 07:00:00,7,0.0,0.0,0.9992782363892434,1,16.986185996154013,16.986185996154013
FZ-GY-002,福州年盛机电有限公司,2026-07-02 08:00:00,8,0.0,0.0,0.9968078624281944,1,28.598507553934347,28.598507553934347
FZ-GY-002,福州年盛机电有限公司,2026-07-02 09:00:00,9,0.0,0.0,0.11807155255347242,0,143.95520157312777,143.95520157312777
FZ-GY-002,福州年盛机电有限公司,2026-07-02 10:00:00,10,0.0,0.0,0.007379759708677648,0,150.26608772740795,150.26608772740795
FZ-GY-002,福州年盛机电有限公司,2026-07-02 11:00:00,11,0.0,0.0,0.0019215417719801403,0,175.20402031465773,175.20402031465773
FZ-GY-002,福州年盛机电有限公司,2026-07-02 12:00:00,12,0.0,0.0,0.0008476084621837619,0,149.91612908407893,149.91612908407893
FZ-GY-002,福州年盛机电有限公司,2026-07-02 13:00:00,13,0.0,0.0,0.023783489255292077,0,129.90526424559707,129.90526424559707
FZ-GY-002,福州年盛机电有限公司,2026-07-02 14:00:00,14,0.0,0.0,0.0009938037084295478,0,156.1208368966685,156.1208368966685
FZ-GY-002,福州年盛机电有限公司,2026-07-02 15:00:00,15,0.0,0.0,0.0008049605906564437,0,152.7813822564524,152.7813822564524
FZ-GY-002,福州年盛机电有限公司,2026-07-02 16:00:00,16,0.0,0.0,0.00035454540039777743,0,163.50893978822538,163.50893978822538
FZ-GY-002,福州年盛机电有限公司,2026-07-02 17:00:00,17,0.0,0.0,0.002690987289181573,0,151.3866128734846,151.3866128734846
FZ-GY-002,福州年盛机电有限公司,2026-07-02 18:00:00,18,0.0,0.0,0.12304086531047671,0,107.85794412454138,107.85794412454138
FZ-GY-002,福州年盛机电有限公司,2026-07-02 19:00:00,19,0.0,0.0,0.0705501492160206,0,134.29876685415485,134.29876685415485
FZ-GY-002,福州年盛机电有限公司,2026-07-02 20:00:00,20,0.0,0.0,0.11281140649422297,0,130.20911827479108,130.20911827479108
FZ-GY-002,福州年盛机电有限公司,2026-07-02 21:00:00,21,0.0,0.0,0.5409725617795387,1,58.590298633335784,58.590298633335784
FZ-GY-002,福州年盛机电有限公司,2026-07-02 22:00:00,22,0.0,0.0,0.9952354568170612,1,34.145258576985974,34.145258576985974
FZ-GY-002,福州年盛机电有限公司,2026-07-02 23:00:00,23,0.0,0.0,0.9995058757875288,1,24.85278886575625,24.85278886575625
FZ-GY-003,福州至和玻璃有限公司,2026-07-02 00:00:00,0,0.0,0.0,0.9999922322137301,1,0.668903364366604,0.668903364366604
FZ-GY-003,福州至和玻璃有限公司,2026-07-02 01:00:00,1,0.0,0.0,0.9999924102736,1,0.800506241836147,0.800506241836147
FZ-GY-003,福州至和玻璃有限公司,2026-07-02 02:00:00,2,0.0,0.0,0.9999924102736,1,1.1605408219641842,1.1605408219641842
FZ-GY-003,福州至和玻璃有限公司,2026-07-02 03:00:00,3,0.0,0.0,0.9999816771455726,1,0.6701919812784634,0.6701919812784634
FZ-GY-003,福州至和玻璃有限公司,2026-07-02 04:00:00,4,0.0,0.0,0.999978239794747,1,0.6323275476265329,0.6323275476265329
FZ-GY-003,福州至和玻璃有限公司,2026-07-02 05:00:00,5,0.0,0.0,0.9999975537311353,1,0.6701919812784634,0.6701919812784634
FZ-GY-003,福州至和玻璃有限公司,2026-07-02 06:00:00,6,0.0,0.0,0.9999949151866937,1,2.38892416755064,2.38892416755064
FZ-GY-003,福州至和玻璃有限公司,2026-07-02 07:00:00,7,0.0,0.0,0.99975573526401,1,10.413686654676129,10.413686654676129
FZ-GY-003,福州至和玻璃有限公司,2026-07-02 08:00:00,8,0.0,0.0,0.9847788944496654,1,36.1461713081222,36.1461713081222
FZ-GY-003,福州至和玻璃有限公司,2026-07-02 09:00:00,9,0.0,0.0,0.4878055978508726,1,51.34174226399808,51.34174226399808
FZ-GY-003,福州至和玻璃有限公司,2026-07-02 10:00:00,10,0.0,0.0,0.9856499434848213,1,61.53268521039612,61.53268521039612
FZ-GY-003,福州至和玻璃有限公司,2026-07-02 11:00:00,11,0.0,0.0,0.9127866622319857,1,58.7062049683286,58.7062049683286
FZ-GY-003,福州至和玻璃有限公司,2026-07-02 12:00:00,12,0.0,0.0,0.9519022592493894,1,54.1427116470819,54.1427116470819
FZ-GY-003,福州至和玻璃有限公司,2026-07-02 13:00:00,13,0.0,0.0,0.9975622994546449,1,35.11889270013281,35.11889270013281
FZ-GY-003,福州至和玻璃有限公司,2026-07-02 14:00:00,14,0.0,0.0,0.9766320249362173,1,52.887696171235795,52.887696171235795
FZ-GY-003,福州至和玻璃有限公司,2026-07-02 15:00:00,15,0.0,0.0,0.9675890789437154,1,61.000133442927996,61.000133442927996
FZ-GY-003,福州至和玻璃有限公司,2026-07-02 16:00:00,16,0.0,0.0,0.9808559597041544,1,62.13984694745863,62.13984694745863
FZ-GY-003,福州至和玻璃有限公司,2026-07-02 17:00:00,17,0.0,0.0,0.9928075904296391,1,59.325092569528515,59.325092569528515
FZ-GY-003,福州至和玻璃有限公司,2026-07-02 18:00:00,18,0.0,0.0,0.9818260180809597,1,60.96162721116068,60.96162721116068
FZ-GY-003,福州至和玻璃有限公司,2026-07-02 19:00:00,19,0.0,0.0,0.997863506060033,1,38.69836558754046,38.69836558754046
FZ-GY-003,福州至和玻璃有限公司,2026-07-02 20:00:00,20,0.0,0.0,0.9987045632725221,1,26.918354307140515,26.918354307140515
FZ-GY-003,福州至和玻璃有限公司,2026-07-02 21:00:00,21,0.0,0.0,0.9996551531582233,1,13.49639844045487,13.49639844045487
FZ-GY-003,福州至和玻璃有限公司,2026-07-02 22:00:00,22,0.0,0.0,0.9999637500714637,1,7.121135079223665,7.121135079223665
FZ-GY-003,福州至和玻璃有限公司,2026-07-02 23:00:00,23,0.0,0.0,0.9999613636952872,1,3.8981520570540487,3.8981520570540487
FZ-GY-004,福州雅赛诺家居有限公司,2026-07-02 00:00:00,0,0.0,0.0,0.9999994042777035,1,8.46116686169919,8.46116686169919
FZ-GY-004,福州雅赛诺家居有限公司,2026-07-02 01:00:00,1,0.0,0.0,0.9999994179334575,1,6.789975271510361,6.789975271510361
FZ-GY-004,福州雅赛诺家居有限公司,2026-07-02 02:00:00,2,0.0,0.0,0.9999995009717725,1,6.1512671516019655,6.1512671516019655
FZ-GY-004,福州雅赛诺家居有限公司,2026-07-02 03:00:00,3,0.0,0.0,0.9999986508554325,1,6.108960136848387,6.108960136848387
FZ-GY-004,福州雅赛诺家居有限公司,2026-07-02 04:00:00,4,0.0,0.0,0.999998847837951,1,6.523377599431033,6.523377599431033
FZ-GY-004,福州雅赛诺家居有限公司,2026-07-02 05:00:00,5,0.0,0.0,0.9999995218253721,1,6.625828787839776,6.625828787839776
FZ-GY-004,福州雅赛诺家居有限公司,2026-07-02 06:00:00,6,0.0,0.0,0.9999994774272054,1,7.058811444345331,7.058811444345331
FZ-GY-004,福州雅赛诺家居有限公司,2026-07-02 07:00:00,7,0.0,0.0,0.9999986587308269,1,9.389874130338725,9.389874130338725
FZ-GY-004,福州雅赛诺家居有限公司,2026-07-02 08:00:00,8,0.0,0.0,0.9999744093206188,1,12.247156830970223,12.247156830970223
FZ-GY-004,福州雅赛诺家居有限公司,2026-07-02 09:00:00,9,0.0,0.0,0.9999658924515265,1,18.30763942974624,18.30763942974624
FZ-GY-004,福州雅赛诺家居有限公司,2026-07-02 10:00:00,10,0.0,0.0,0.9999950087821695,1,22.488743204513558,22.488743204513558
FZ-GY-004,福州雅赛诺家居有限公司,2026-07-02 11:00:00,11,0.0,0.0,0.9999872714920383,1,25.67503124166613,25.67503124166613
FZ-GY-004,福州雅赛诺家居有限公司,2026-07-02 12:00:00,12,0.0,0.0,0.9999748372281305,1,33.34787056904659,33.34787056904659
FZ-GY-004,福州雅赛诺家居有限公司,2026-07-02 13:00:00,13,0.0,0.0,0.9999922910543563,1,20.586878013898772,20.586878013898772
FZ-GY-004,福州雅赛诺家居有限公司,2026-07-02 14:00:00,14,0.0,0.0,0.9999880613068178,1,26.777297631075076,26.777297631075076
FZ-GY-004,福州雅赛诺家居有限公司,2026-07-02 15:00:00,15,0.0,0.0,0.9999829432694642,1,28.51922930223645,28.51922930223645
FZ-GY-004,福州雅赛诺家居有限公司,2026-07-02 16:00:00,16,0.0,0.0,0.9999711359513657,1,28.400145162096468,28.400145162096468
FZ-GY-004,福州雅赛诺家居有限公司,2026-07-02 17:00:00,17,0.0,0.0,0.9999864743435987,1,27.920704255508088,27.920704255508088
FZ-GY-004,福州雅赛诺家居有限公司,2026-07-02 18:00:00,18,0.0,0.0,0.9999842150019816,1,27.289904813406302,27.289904813406302
FZ-GY-004,福州雅赛诺家居有限公司,2026-07-02 19:00:00,19,0.0,0.0,0.9999886559121206,1,22.687609960803403,22.687609960803403
FZ-GY-004,福州雅赛诺家居有限公司,2026-07-02 20:00:00,20,0.0,0.0,0.9999821431490054,1,14.541057806673507,14.541057806673507
FZ-GY-004,福州雅赛诺家居有限公司,2026-07-02 21:00:00,21,0.0,0.0,0.9999799516796012,1,13.89404567999864,13.89404567999864
FZ-GY-004,福州雅赛诺家居有限公司,2026-07-02 22:00:00,22,0.0,0.0,0.9999984251227585,1,11.693601286483641,11.693601286483641
FZ-GY-004,福州雅赛诺家居有限公司,2026-07-02 23:00:00,23,0.0,0.0,0.9999973090610587,1,9.979585657428668,9.979585657428668
FZ-GY-005,闽侯县天泽工艺品有限公司,2026-07-02 00:00:00,0,0.0,0.0,0.9999968368157128,1,5.140050342094137,5.140050342094137
FZ-GY-005,闽侯县天泽工艺品有限公司,2026-07-02 01:00:00,1,0.0,0.0,0.9999968368157128,1,4.492600253929387,4.492600253929387
FZ-GY-005,闽侯县天泽工艺品有限公司,2026-07-02 02:00:00,2,0.0,0.0,0.9999968368157128,1,4.173051925047606,4.173051925047606
FZ-GY-005,闽侯县天泽工艺品有限公司,2026-07-02 03:00:00,3,0.0,0.0,0.9999928048754132,1,2.4910348170558447,2.4910348170558447
FZ-GY-005,闽侯县天泽工艺品有限公司,2026-07-02 04:00:00,4,0.0,0.0,0.9999902479752641,1,1.365702680655291,1.365702680655291
FZ-GY-005,闽侯县天泽工艺品有限公司,2026-07-02 05:00:00,5,0.0,0.0,0.9999898684784463,1,1.2736787871918054,1.2736787871918054
FZ-GY-005,闽侯县天泽工艺品有限公司,2026-07-02 06:00:00,6,0.0,0.0,0.9999846749737421,1,2.6232500299531285,2.6232500299531285
FZ-GY-005,闽侯县天泽工艺品有限公司,2026-07-02 07:00:00,7,0.0,0.0,0.9999952084453528,1,9.657258417475147,9.657258417475147
FZ-GY-005,闽侯县天泽工艺品有限公司,2026-07-02 08:00:00,8,0.0,0.0,0.5874010785088118,1,43.75421758200755,43.75421758200755
FZ-GY-005,闽侯县天泽工艺品有限公司,2026-07-02 09:00:00,9,0.0,0.0,0.05718376600638956,0,150.07029002324964,150.07029002324964
FZ-GY-005,闽侯县天泽工艺品有限公司,2026-07-02 10:00:00,10,0.0,0.0,0.03586719375901213,0,144.05343489920654,144.05343489920654
FZ-GY-005,闽侯县天泽工艺品有限公司,2026-07-02 11:00:00,11,0.0,0.0,0.012816064245010292,0,158.04554797859197,158.04554797859197
FZ-GY-005,闽侯县天泽工艺品有限公司,2026-07-02 12:00:00,12,0.0,0.0,0.6895142409861894,1,44.37115556230963,44.37115556230963
FZ-GY-005,闽侯县天泽工艺品有限公司,2026-07-02 13:00:00,13,0.0,0.0,0.999949344266454,1,11.023597589315893,11.023597589315893
FZ-GY-005,闽侯县天泽工艺品有限公司,2026-07-02 14:00:00,14,0.0,0.0,0.021220761714261273,0,141.55160182280318,141.55160182280318
FZ-GY-005,闽侯县天泽工艺品有限公司,2026-07-02 15:00:00,15,0.0,0.0,0.013398738690817013,0,153.3687907680028,153.3687907680028
FZ-GY-005,闽侯县天泽工艺品有限公司,2026-07-02 16:00:00,16,0.0,0.0,0.02206628769411255,0,160.71205950872064,160.71205950872064
FZ-GY-005,闽侯县天泽工艺品有限公司,2026-07-02 17:00:00,17,0.0,0.0,0.026571662300937743,0,145.11733637749737,145.11733637749737
FZ-GY-005,闽侯县天泽工艺品有限公司,2026-07-02 18:00:00,18,0.0,0.0,0.9625294175418755,1,38.04588824108735,38.04588824108735
FZ-GY-005,闽侯县天泽工艺品有限公司,2026-07-02 19:00:00,19,0.0,0.0,0.9717551636773575,1,32.54079323432517,32.54079323432517
FZ-GY-005,闽侯县天泽工艺品有限公司,2026-07-02 20:00:00,20,0.0,0.0,0.9945849760035577,1,19.92733851946168,19.92733851946168
FZ-GY-005,闽侯县天泽工艺品有限公司,2026-07-02 21:00:00,21,0.0,0.0,0.9982240676386055,1,14.64820582649707,14.64820582649707
FZ-GY-005,闽侯县天泽工艺品有限公司,2026-07-02 22:00:00,22,0.0,0.0,0.9999716547581279,1,9.030823630793313,9.030823630793313
FZ-GY-005,闽侯县天泽工艺品有限公司,2026-07-02 23:00:00,23,0.0,0.0,0.9999833192774743,1,7.220894803291025,7.220894803291025
FZ-SY-F-001,福州超库鲜生供应链管理有限公司,2026-07-02 00:00:00,0,0.4,0.0,0.999793709378471,1,33.2078475635384,33.2078475635384
FZ-SY-F-001,福州超库鲜生供应链管理有限公司,2026-07-02 01:00:00,1,0.4,0.0,0.9999125124568333,1,25.882550999689062,25.882550999689062
FZ-SY-F-001,福州超库鲜生供应链管理有限公司,2026-07-02 02:00:00,2,0.4,0.0,0.9999347310633279,1,22.99957750602749,22.99957750602749
FZ-SY-F-001,福州超库鲜生供应链管理有限公司,2026-07-02 03:00:00,3,0.4,0.0,0.9999149121718418,1,22.12571933931127,22.12571933931127
FZ-SY-F-001,福州超库鲜生供应链管理有限公司,2026-07-02 04:00:00,4,0.4,0.0,0.9998719678436128,1,22.07963421389987,22.07963421389987
FZ-SY-F-001,福州超库鲜生供应链管理有限公司,2026-07-02 05:00:00,5,0.4,7.263383999999999,0.9998122870573632,1,36.42678206914831,29.16339806914831
FZ-SY-F-001,福州超库鲜生供应链管理有限公司,2026-07-02 06:00:00,6,0.4,24.478175999999998,0.9994748663828892,1,43.59239627222849,19.114220272228494
FZ-SY-F-001,福州超库鲜生供应链管理有限公司,2026-07-02 07:00:00,7,0.4,43.627752,0.999445981250574,1,58.072131044530416,14.444379044530415
FZ-SY-F-001,福州超库鲜生供应链管理有限公司,2026-07-02 08:00:00,8,0.4,60.403176,0.9741745017660987,1,63.31178467735308,2.9086086773530795
FZ-SY-F-001,福州超库鲜生供应链管理有限公司,2026-07-02 09:00:00,9,0.4,73.39247999999999,0.9143873361573954,1,76.34299057068725,2.950510570687257
FZ-SY-F-001,福州超库鲜生供应链管理有限公司,2026-07-02 10:00:00,10,0.4,83.14944,0.0043943674916589685,0,113.663747741529,30.514307741528995
FZ-SY-F-001,福州超库鲜生供应链管理有限公司,2026-07-02 11:00:00,11,0.4,85.7088,0.004964766816461787,0,108.82311700171515,23.11431700171515
FZ-SY-F-001,福州超库鲜生供应链管理有限公司,2026-07-02 12:00:00,12,0.4,83.59584,0.0058826969835307505,0,113.72921262080399,30.133372620803996
FZ-SY-F-001,福州超库鲜生供应链管理有限公司,2026-07-02 13:00:00,13,0.4,76.2858,0.8110633474742801,1,79.77744763323147,3.49164763323148
FZ-SY-F-001,福州超库鲜生供应链管理有限公司,2026-07-02 14:00:00,14,0.4,63.332172,0.9057339588348714,1,71.68554712925476,8.353375129254758
FZ-SY-F-001,福州超库鲜生供应链管理有限公司,2026-07-02 15:00:00,15,0.4,46.3698,0.7458628368669871,1,64.7047695916467,18.334969591646697
FZ-SY-F-001,福州超库鲜生供应链管理有限公司,2026-07-02 16:00:00,16,0.4,27.31092,0.9237236145328348,1,60.11582979318772,32.80490979318772
FZ-SY-F-001,福州超库鲜生供应链管理有限公司,2026-07-02 17:00:00,17,0.4,8.973588,0.9501848299629111,1,50.17321964919366,41.19963164919366
FZ-SY-F-001,福州超库鲜生供应链管理有限公司,2026-07-02 18:00:00,18,0.4,0.0,0.9530091530750654,1,71.00278733813862,71.00278733813862
FZ-SY-F-001,福州超库鲜生供应链管理有限公司,2026-07-02 19:00:00,19,0.4,0.0,0.8945528213807318,1,74.95945944956915,74.95945944956915
FZ-SY-F-001,福州超库鲜生供应链管理有限公司,2026-07-02 20:00:00,20,0.4,0.0,0.8236001257166194,1,74.71802820086005,74.71802820086005
FZ-SY-F-001,福州超库鲜生供应链管理有限公司,2026-07-02 21:00:00,21,0.4,0.0,0.9482470434784696,1,69.45550026632554,69.45550026632554
FZ-SY-F-001,福州超库鲜生供应链管理有限公司,2026-07-02 22:00:00,22,0.4,0.0,0.9888442039786041,1,61.74997354560663,61.74997354560663
FZ-SY-F-001,福州超库鲜生供应链管理有限公司,2026-07-02 23:00:00,23,0.4,0.0,0.9993496496065196,1,48.22533308360085,48.22533308360085
ND-GY-F-001,福建俊杰新材料科技股份有限公司,2026-07-02 00:00:00,0,2.0,0.0,3.09161847211311e-07,0,1105.7700640967348,1105.7700640967348
ND-GY-F-001,福建俊杰新材料科技股份有限公司,2026-07-02 01:00:00,1,2.0,0.0,3.09161847211311e-07,0,1096.7704564595233,1096.7704564595233
ND-GY-F-001,福建俊杰新材料科技股份有限公司,2026-07-02 02:00:00,2,2.0,0.0,3.09161847211311e-07,0,1119.2710039242625,1119.2710039242625
ND-GY-F-001,福建俊杰新材料科技股份有限公司,2026-07-02 03:00:00,3,2.0,0.0,5.589773424590736e-07,0,1133.9476031953716,1133.9476031953716
ND-GY-F-001,福建俊杰新材料科技股份有限公司,2026-07-02 04:00:00,4,2.0,0.0,8.03503722258834e-07,0,1143.7115632436814,1143.7115632436814
ND-GY-F-001,福建俊杰新材料科技股份有限公司,2026-07-02 05:00:00,5,2.0,49.28039999999999,3.596524681524364e-07,0,1194.1748531381659,1144.8944531381658
ND-GY-F-001,福建俊杰新材料科技股份有限公司,2026-07-02 06:00:00,6,2.0,159.06779999999998,4.019113162794407e-08,0,1289.218179403208,1130.150379403208
ND-GY-F-001,福建俊杰新材料科技股份有限公司,2026-07-02 07:00:00,7,2.0,279.79236,2.626743175683906e-08,0,1273.7694381779681,993.9770781779682
ND-GY-F-001,福建俊杰新材料科技股份有限公司,2026-07-02 08:00:00,8,2.0,385.58376,2.1724864708969016e-08,0,1170.241226770369,784.657466770369
ND-GY-F-001,福建俊杰新材料科技股份有限公司,2026-07-02 09:00:00,9,2.0,467.25768000000005,1.877838583879534e-08,0,1274.7829964002499,807.5253164002498
ND-GY-F-001,福建俊杰新材料科技股份有限公司,2026-07-02 10:00:00,10,2.0,522.0321600000001,2.0403159513970088e-08,0,1671.7920785775111,1149.7599185775111
ND-GY-F-001,福建俊杰新材料科技股份有限公司,2026-07-02 11:00:00,11,2.0,537.70656,2.3915331026849223e-08,0,1407.0820751604208,869.3755151604208
ND-GY-F-001,福建俊杰新材料科技股份有限公司,2026-07-02 12:00:00,12,2.0,523.82352,3.027739139902784e-08,0,1427.6654494286506,903.8419294286506
ND-GY-F-001,福建俊杰新材料科技股份有限公司,2026-07-02 13:00:00,13,2.0,475.73118,9.061495757954439e-07,0,1389.1054869265213,913.3743069265213
ND-GY-F-001,福建俊杰新材料科技股份有限公司,2026-07-02 14:00:00,14,2.0,394.87332,8.099941388064583e-07,0,1211.6537326397504,816.7804126397505
ND-GY-F-001,福建俊杰新材料科技股份有限公司,2026-07-02 15:00:00,15,2.0,289.05564,5.9104687354395874e-08,0,1158.0880973824899,869.0324573824898
ND-GY-F-001,福建俊杰新材料科技股份有限公司,2026-07-02 16:00:00,16,2.0,169.92287999999996,5.7309581245333555e-08,0,1243.6100573699653,1073.6871773699654
ND-GY-F-001,福建俊杰新材料科技股份有限公司,2026-07-02 17:00:00,17,2.0,55.942919999999994,1.5082900571655117e-07,0,1197.3247176922782,1141.3817976922783
ND-GY-F-001,福建俊杰新材料科技股份有限公司,2026-07-02 18:00:00,18,2.0,0.0,4.429230934307302e-07,0,1170.1775692750425,1170.1775692750425
ND-GY-F-001,福建俊杰新材料科技股份有限公司,2026-07-02 19:00:00,19,2.0,0.0,4.415753461623447e-07,0,1247.986088855971,1247.986088855971
ND-GY-F-001,福建俊杰新材料科技股份有限公司,2026-07-02 20:00:00,20,2.0,0.0,5.464671042380005e-07,0,1143.9879231462558,1143.9879231462558
ND-GY-F-001,福建俊杰新材料科技股份有限公司,2026-07-02 21:00:00,21,2.0,0.0,4.523813312293604e-07,0,1040.948430808221,1040.948430808221
ND-GY-F-001,福建俊杰新材料科技股份有限公司,2026-07-02 22:00:00,22,2.0,0.0,4.1695074029409325e-07,0,1065.9541073826929,1065.9541073826929
ND-GY-F-001,福建俊杰新材料科技股份有限公司,2026-07-02 23:00:00,23,2.0,0.0,4.5930706355062217e-07,0,1160.793349001901,1160.793349001901
PT-GY-F-001,福建省莆田市新兴达饲料有限公司,2026-07-02 00:00:00,0,0.9,0.0,0.9998659172156238,1,28.200070805471352,28.200070805471352
PT-GY-F-001,福建省莆田市新兴达饲料有限公司,2026-07-02 01:00:00,1,0.9,0.0,0.9999164698880185,1,26.770957188898496,26.770957188898496
PT-GY-F-001,福建省莆田市新兴达饲料有限公司,2026-07-02 02:00:00,2,0.9,0.0,0.999917417895268,1,24.911317822061893,24.911317822061893
PT-GY-F-001,福建省莆田市新兴达饲料有限公司,2026-07-02 03:00:00,3,0.9,0.0,0.9998459505600252,1,23.718083002373074,23.718083002373074
PT-GY-F-001,福建省莆田市新兴达饲料有限公司,2026-07-02 04:00:00,4,0.9,0.0,0.9996879890378544,1,22.85466596064504,22.85466596064504
PT-GY-F-001,福建省莆田市新兴达饲料有限公司,2026-07-02 05:00:00,5,0.9,16.199001,0.9998553771344861,1,31.929869798499666,15.730868798499667
PT-GY-F-001,福建省莆田市新兴达饲料有限公司,2026-07-02 06:00:00,6,0.9,58.040955,0.9986684163094931,1,62.8818032401658,4.840848240165805
PT-GY-F-001,福建省莆田市新兴达饲料有限公司,2026-07-02 07:00:00,7,0.9,104.20001999999998,0.16121832440767508,0,121.13420053090405,16.934180530904072
PT-GY-F-001,福建省莆田市新兴达饲料有限公司,2026-07-02 08:00:00,8,0.9,145.23043499999997,1.4225055218732297e-05,0,368.7940459756621,223.5636109756621
PT-GY-F-001,福建省莆田市新兴达饲料有限公司,2026-07-02 09:00:00,9,0.9,177.11352,5.826816092924736e-06,0,535.1460427304584,358.03252273045837
PT-GY-F-001,福建省莆田市新兴达饲料有限公司,2026-07-02 10:00:00,10,0.9,199.09859400000002,4.544022535933587e-06,0,560.1731421908709,361.0745481908708
PT-GY-F-001,福建省莆田市新兴达饲料有限公司,2026-07-02 11:00:00,11,0.9,205.46492400000002,5.842402750743823e-06,0,472.1916576422346,266.72673364223454
PT-GY-F-001,福建省莆田市新兴达饲料有限公司,2026-07-02 12:00:00,12,0.9,200.70693,3.490260077168493e-05,0,479.9208012471265,279.2138712471265
PT-GY-F-001,福建省莆田市新兴达饲料有限公司,2026-07-02 13:00:00,13,0.9,183.00006,2.0810742970925047e-05,0,458.57331723423465,275.5732572342347
PT-GY-F-001,福建省莆田市新兴达饲料有限公司,2026-07-02 14:00:00,14,0.9,152.14149,2.0724403532599066e-05,0,462.6839206440675,310.5424306440675
PT-GY-F-001,福建省莆田市新兴达饲料有限公司,2026-07-02 15:00:00,15,0.9,111.53456999999999,7.646286414346453e-06,0,406.3797912797172,294.84522127971724
PT-GY-F-001,福建省莆田市新兴达饲料有限公司,2026-07-02 16:00:00,16,0.9,65.733525,0.0005732131196601482,0,435.3060941271312,369.5725691271312
PT-GY-F-001,福建省莆田市新兴达饲料有限公司,2026-07-02 17:00:00,17,0.9,21.574080000000002,0.00331729020896408,0,413.7084988898417,392.1344188898417
PT-GY-F-001,福建省莆田市新兴达饲料有限公司,2026-07-02 18:00:00,18,0.9,0.0,0.0033078635574477857,0,328.9727565591936,328.9727565591936
PT-GY-F-001,福建省莆田市新兴达饲料有限公司,2026-07-02 19:00:00,19,0.9,0.0,0.006355525663797601,0,189.64178735549726,189.64178735549726
PT-GY-F-001,福建省莆田市新兴达饲料有限公司,2026-07-02 20:00:00,20,0.9,0.0,0.7333252592912519,1,43.699901999731686,43.699901999731686
PT-GY-F-001,福建省莆田市新兴达饲料有限公司,2026-07-02 21:00:00,21,0.9,0.0,0.9891360046876468,1,37.65030080220688,37.65030080220688
PT-GY-F-001,福建省莆田市新兴达饲料有限公司,2026-07-02 22:00:00,22,0.9,0.0,0.9982306658363262,1,39.05364564836591,39.05364564836591
PT-GY-F-001,福建省莆田市新兴达饲料有限公司,2026-07-02 23:00:00,23,0.9,0.0,0.9995202855772042,1,37.09671885420983,37.09671885420983
QZ-GY-001,泉州南岛新材料科技有限公司,2026-07-02 00:00:00,0,0.0,0.0,0.9999799928540657,1,29.244511731373724,29.244511731373724
QZ-GY-001,泉州南岛新材料科技有限公司,2026-07-02 01:00:00,1,0.0,0.0,0.9999849802869135,1,27.171423056517764,27.171423056517764
QZ-GY-001,泉州南岛新材料科技有限公司,2026-07-02 02:00:00,2,0.0,0.0,0.999986105021234,1,26.96564291154053,26.96564291154053
QZ-GY-001,泉州南岛新材料科技有限公司,2026-07-02 03:00:00,3,0.0,0.0,0.9999773192776348,1,25.828534168866025,25.828534168866025
QZ-GY-001,泉州南岛新材料科技有限公司,2026-07-02 04:00:00,4,0.0,0.0,0.9999139001257737,1,25.759491357784714,25.759491357784714
QZ-GY-001,泉州南岛新材料科技有限公司,2026-07-02 05:00:00,5,0.0,0.0,0.99995546839497,1,27.613370032767605,27.613370032767605
QZ-GY-001,泉州南岛新材料科技有限公司,2026-07-02 06:00:00,6,0.0,0.0,0.99990141182905,1,27.215845862276012,27.215845862276012
QZ-GY-001,泉州南岛新材料科技有限公司,2026-07-02 07:00:00,7,0.0,0.0,0.9996893466114805,1,31.65738395070721,31.65738395070721
QZ-GY-001,泉州南岛新材料科技有限公司,2026-07-02 08:00:00,8,0.0,0.0,0.9842800529049086,1,51.43576083193813,51.43576083193813
QZ-GY-001,泉州南岛新材料科技有限公司,2026-07-02 09:00:00,9,0.0,0.0,0.16641870162939548,0,124.57744857517864,124.57744857517864
QZ-GY-001,泉州南岛新材料科技有限公司,2026-07-02 10:00:00,10,0.0,0.0,0.08620665516030161,0,118.79471432766884,118.79471432766884
QZ-GY-001,泉州南岛新材料科技有限公司,2026-07-02 11:00:00,11,0.0,0.0,0.09661281432018436,0,132.2830077211456,132.2830077211456
QZ-GY-001,泉州南岛新材料科技有限公司,2026-07-02 12:00:00,12,0.0,0.0,0.9340649732411083,1,62.99333720477032,62.99333720477032
QZ-GY-001,泉州南岛新材料科技有限公司,2026-07-02 13:00:00,13,0.0,0.0,0.9997085559410962,1,37.29241733115682,37.29241733115682
QZ-GY-001,泉州南岛新材料科技有限公司,2026-07-02 14:00:00,14,0.0,0.0,0.20802172091346371,0,113.73495089406295,113.73495089406295
QZ-GY-001,泉州南岛新材料科技有限公司,2026-07-02 15:00:00,15,0.0,0.0,0.22967106662163173,0,120.93265849366404,120.93265849366404
QZ-GY-001,泉州南岛新材料科技有限公司,2026-07-02 16:00:00,16,0.0,0.0,0.1644112279969506,0,127.19517977334198,127.19517977334198
QZ-GY-001,泉州南岛新材料科技有限公司,2026-07-02 17:00:00,17,0.0,0.0,0.4394903664970965,1,66.83078964605079,66.83078964605079
QZ-GY-001,泉州南岛新材料科技有限公司,2026-07-02 18:00:00,18,0.0,0.0,0.9051642247526324,1,62.9950493827741,62.9950493827741
QZ-GY-001,泉州南岛新材料科技有限公司,2026-07-02 19:00:00,19,0.0,0.0,0.06054981753820697,0,107.1165671601987,107.1165671601987
QZ-GY-001,泉州南岛新材料科技有限公司,2026-07-02 20:00:00,20,0.0,0.0,0.3265231007162904,0,106.84687231579782,106.84687231579782
QZ-GY-001,泉州南岛新材料科技有限公司,2026-07-02 21:00:00,21,0.0,0.0,0.9934770178986045,1,48.830772406046684,48.830772406046684
QZ-GY-001,泉州南岛新材料科技有限公司,2026-07-02 22:00:00,22,0.0,0.0,0.9995089834952076,1,38.201193475986976,38.201193475986976
QZ-GY-001,泉州南岛新材料科技有限公司,2026-07-02 23:00:00,23,0.0,0.0,0.9998956750301892,1,30.38551661876102,30.38551661876102
QZ-GY-002,泉州市泉港区昌玉汽车零件厂,2026-07-02 00:00:00,0,0.0,0.0,0.9999990846733735,1,12.41871541042213,12.41871541042213
QZ-GY-002,泉州市泉港区昌玉汽车零件厂,2026-07-02 01:00:00,1,0.0,0.0,0.9999993244466999,1,10.29257081242455,10.29257081242455
QZ-GY-002,泉州市泉港区昌玉汽车零件厂,2026-07-02 02:00:00,2,0.0,0.0,0.9999995197408036,1,9.923427166536097,9.923427166536097
QZ-GY-002,泉州市泉港区昌玉汽车零件厂,2026-07-02 03:00:00,3,0.0,0.0,0.9999972671042832,1,9.800423308275125,9.800423308275125
QZ-GY-002,泉州市泉港区昌玉汽车零件厂,2026-07-02 04:00:00,4,0.0,0.0,0.9999988850865404,1,9.405091265367421,9.405091265367421
QZ-GY-002,泉州市泉港区昌玉汽车零件厂,2026-07-02 05:00:00,5,0.0,0.0,0.9999987062767182,1,8.597045843264326,8.597045843264326
QZ-GY-002,泉州市泉港区昌玉汽车零件厂,2026-07-02 06:00:00,6,0.0,0.0,0.9999988160067684,1,6.385465435492793,6.385465435492793
QZ-GY-002,泉州市泉港区昌玉汽车零件厂,2026-07-02 07:00:00,7,0.0,0.0,0.99999873948694,1,1.9837026345290991,1.9837026345290991
QZ-GY-002,泉州市泉港区昌玉汽车零件厂,2026-07-02 08:00:00,8,0.0,0.0,0.9999977189207142,1,5.7423413626592215,5.7423413626592215
QZ-GY-002,泉州市泉港区昌玉汽车零件厂,2026-07-02 09:00:00,9,0.0,0.0,0.999883918260318,1,18.712196202119166,18.712196202119166
QZ-GY-002,泉州市泉港区昌玉汽车零件厂,2026-07-02 10:00:00,10,0.0,0.0,0.9999954704992555,1,21.193472507070084,21.193472507070084
QZ-GY-002,泉州市泉港区昌玉汽车零件厂,2026-07-02 11:00:00,11,0.0,0.0,0.9999978183976296,1,18.96045297240216,18.96045297240216
QZ-GY-002,泉州市泉港区昌玉汽车零件厂,2026-07-02 12:00:00,12,0.0,0.0,0.9999966956169398,1,12.387028556358615,12.387028556358615
QZ-GY-002,泉州市泉港区昌玉汽车零件厂,2026-07-02 13:00:00,13,0.0,0.0,0.9999992248896178,1,2.2131292404239615,2.2131292404239615
QZ-GY-002,泉州市泉港区昌玉汽车零件厂,2026-07-02 14:00:00,14,0.0,0.0,0.999998206505775,1,3.4685436736151605,3.4685436736151605
QZ-GY-002,泉州市泉港区昌玉汽车零件厂,2026-07-02 15:00:00,15,0.0,0.0,0.999996041331107,1,4.045530510053425,4.045530510053425
QZ-GY-002,泉州市泉港区昌玉汽车零件厂,2026-07-02 16:00:00,16,0.0,0.0,0.999993903138852,1,7.103812880432051,7.103812880432051
QZ-GY-002,泉州市泉港区昌玉汽车零件厂,2026-07-02 17:00:00,17,0.0,0.0,0.9999816113338282,1,7.30577921091277,7.30577921091277
QZ-GY-002,泉州市泉港区昌玉汽车零件厂,2026-07-02 18:00:00,18,0.0,0.0,0.999987853964369,1,20.250465387847225,20.250465387847225
QZ-GY-002,泉州市泉港区昌玉汽车零件厂,2026-07-02 19:00:00,19,0.0,0.0,0.999988225937223,1,19.384778416231114,19.384778416231114
QZ-GY-002,泉州市泉港区昌玉汽车零件厂,2026-07-02 20:00:00,20,0.0,0.0,0.9999923510271791,1,19.475500881283835,19.475500881283835
QZ-GY-002,泉州市泉港区昌玉汽车零件厂,2026-07-02 21:00:00,21,0.0,0.0,0.9999932893387555,1,18.22380389635879,18.22380389635879
QZ-GY-002,泉州市泉港区昌玉汽车零件厂,2026-07-02 22:00:00,22,0.0,0.0,0.9999969399609658,1,17.064891494805117,17.064891494805117
QZ-GY-002,泉州市泉港区昌玉汽车零件厂,2026-07-02 23:00:00,23,0.0,0.0,0.9999947833285474,1,16.45716604065288,16.45716604065288
QZ-SY-001,泉州市鲤城三清工艺品有限公司,2026-07-02 00:00:00,0,0.0,0.0,0.9599603905686629,1,71.96267975426805,71.96267975426805
QZ-SY-001,泉州市鲤城三清工艺品有限公司,2026-07-02 01:00:00,1,0.0,0.0,0.9990574896490547,1,67.19992803795266,67.19992803795266
QZ-SY-001,泉州市鲤城三清工艺品有限公司,2026-07-02 02:00:00,2,0.0,0.0,0.9994497188239092,1,59.831475940972176,59.831475940972176
QZ-SY-001,泉州市鲤城三清工艺品有限公司,2026-07-02 03:00:00,3,0.0,0.0,0.9995557248392751,1,56.256257613662534,56.256257613662534
QZ-SY-001,泉州市鲤城三清工艺品有限公司,2026-07-02 04:00:00,4,0.0,0.0,0.999396514360858,1,55.17470608700838,55.17470608700838
QZ-SY-001,泉州市鲤城三清工艺品有限公司,2026-07-02 05:00:00,5,0.0,0.0,0.9991905285775711,1,56.04471383158529,56.04471383158529
QZ-SY-001,泉州市鲤城三清工艺品有限公司,2026-07-02 06:00:00,6,0.0,0.0,0.9990425899720559,1,55.93014686315181,55.93014686315181
QZ-SY-001,泉州市鲤城三清工艺品有限公司,2026-07-02 07:00:00,7,0.0,0.0,0.9986053003318894,1,50.689095133518585,50.689095133518585
QZ-SY-001,泉州市鲤城三清工艺品有限公司,2026-07-02 08:00:00,8,0.0,0.0,0.9968735722339184,1,51.75660006568466,51.75660006568466
QZ-SY-001,泉州市鲤城三清工艺品有限公司,2026-07-02 09:00:00,9,0.0,0.0,0.9968047509711824,1,56.23391305215285,56.23391305215285
QZ-SY-001,泉州市鲤城三清工艺品有限公司,2026-07-02 10:00:00,10,0.0,0.0,0.9859904437064261,1,58.30372296212844,58.30372296212844
QZ-SY-001,泉州市鲤城三清工艺品有限公司,2026-07-02 11:00:00,11,0.0,0.0,0.9884629699586545,1,66.86926596588611,66.86926596588611
QZ-SY-001,泉州市鲤城三清工艺品有限公司,2026-07-02 12:00:00,12,0.0,0.0,0.10159510312732978,0,103.6072765455077,103.6072765455077
QZ-SY-001,泉州市鲤城三清工艺品有限公司,2026-07-02 13:00:00,13,0.0,0.0,0.30775714597329307,0,93.17892275122627,93.17892275122627
QZ-SY-001,泉州市鲤城三清工艺品有限公司,2026-07-02 14:00:00,14,0.0,0.0,0.2761605240622871,0,97.26456436006106,97.26456436006106
QZ-SY-001,泉州市鲤城三清工艺品有限公司,2026-07-02 15:00:00,15,0.0,0.0,0.220784447590011,0,90.68145036278212,90.68145036278212
QZ-SY-001,泉州市鲤城三清工艺品有限公司,2026-07-02 16:00:00,16,0.0,0.0,0.32037551695562844,0,100.00915710377771,100.00915710377771
QZ-SY-001,泉州市鲤城三清工艺品有限公司,2026-07-02 17:00:00,17,0.0,0.0,0.3083641627762972,0,102.9419249575565,102.9419249575565
QZ-SY-001,泉州市鲤城三清工艺品有限公司,2026-07-02 18:00:00,18,0.0,0.0,0.17118882432863625,0,98.30999839680146,98.30999839680146
QZ-SY-001,泉州市鲤城三清工艺品有限公司,2026-07-02 19:00:00,19,0.0,0.0,0.09469496630692682,0,94.69711530788723,94.69711530788723
QZ-SY-001,泉州市鲤城三清工艺品有限公司,2026-07-02 20:00:00,20,0.0,0.0,0.02446550766458558,0,97.17532083773146,97.17532083773146
QZ-SY-001,泉州市鲤城三清工艺品有限公司,2026-07-02 21:00:00,21,0.0,0.0,0.05313922253692101,0,98.70881098916293,98.70881098916293
QZ-SY-001,泉州市鲤城三清工艺品有限公司,2026-07-02 22:00:00,22,0.0,0.0,0.011381200620882484,0,85.00899716559944,85.00899716559944
QZ-SY-001,泉州市鲤城三清工艺品有限公司,2026-07-02 23:00:00,23,0.0,0.0,0.022640156060139548,0,100.62766716143061,100.62766716143061
QZ-SY-F-001,福建省德化圣光工艺有限公司,2026-07-02 00:00:00,0,0.4,0.0,0.9605114271114038,1,23.27996752534332,23.27996752534332
QZ-SY-F-001,福建省德化圣光工艺有限公司,2026-07-02 01:00:00,1,0.4,0.0,0.5543445383339356,1,23.720674589350548,23.720674589350548
QZ-SY-F-001,福建省德化圣光工艺有限公司,2026-07-02 02:00:00,2,0.4,0.0,0.7264218540086163,1,19.77362910453699,19.77362910453699
QZ-SY-F-001,福建省德化圣光工艺有限公司,2026-07-02 03:00:00,3,0.4,0.0,0.7400262076624698,1,21.713473065906943,21.713473065906943
QZ-SY-F-001,福建省德化圣光工艺有限公司,2026-07-02 04:00:00,4,0.4,0.0,0.7462321364722398,1,26.016088931000485,26.016088931000485
QZ-SY-F-001,福建省德化圣光工艺有限公司,2026-07-02 05:00:00,5,0.4,8.481024000000001,0.9842278741636312,1,27.06706947134571,18.58604547134571
QZ-SY-F-001,福建省德化圣光工艺有限公司,2026-07-02 06:00:00,6,0.4,32.598936,0.9832433208816225,1,47.8247649284733,15.225828928473298
QZ-SY-F-001,福建省德化圣光工艺有限公司,2026-07-02 07:00:00,7,0.4,59.267208,0.9437025612593416,1,58.48623607120583,0.0
QZ-SY-F-001,福建省德化圣光工艺有限公司,2026-07-02 08:00:00,8,0.4,83.305656,0.00010179555576346481,0,154.55121103405614,71.24555503405614
QZ-SY-F-001,福建省德化圣光工艺有限公司,2026-07-02 09:00:00,9,0.4,102.1338,0.00024875166110009314,0,187.01831042421097,84.88451042421097
QZ-SY-F-001,福建省德化圣光工艺有限公司,2026-07-02 10:00:00,10,0.4,116.16091200000001,0.00029762845085748137,0,180.96297914675523,64.80206714675522
QZ-SY-F-001,福建省德化圣光工艺有限公司,2026-07-02 11:00:00,11,0.4,120.292284,0.0003317490318025105,0,232.4026793060583,112.11039530605831
QZ-SY-F-001,福建省德化圣光工艺有限公司,2026-07-02 12:00:00,12,0.4,117.84964800000002,0.00017944924644281468,0,226.53576951896548,108.68612151896546
QZ-SY-F-001,福建省德化圣光工艺有限公司,2026-07-02 13:00:00,13,0.4,107.99449200000001,0.00031560993372345067,0,220.47356316907428,112.47907116907427
QZ-SY-F-001,福建省德化圣光工艺有限公司,2026-07-02 14:00:00,14,0.4,90.25275600000002,0.00021514158547262307,0,159.08421400199748,68.83145800199746
QZ-SY-F-001,福建省德化圣光工艺有限公司,2026-07-02 15:00:00,15,0.4,66.72830400000001,0.9693405986733086,1,73.11936746556886,6.391063465568848
QZ-SY-F-001,福建省德化圣光工艺有限公司,2026-07-02 16:00:00,16,0.4,39.9051,0.9578558222913979,1,53.184131373737124,13.279031373737126
QZ-SY-F-001,福建省德化圣光工艺有限公司,2026-07-02 17:00:00,17,0.4,13.8774,0.9077985622899466,1,41.64460584452333,27.767205844523332
QZ-SY-F-001,福建省德化圣光工艺有限公司,2026-07-02 18:00:00,18,0.4,0.0,0.9460928254318703,1,34.58005639502485,34.58005639502485
QZ-SY-F-001,福建省德化圣光工艺有限公司,2026-07-02 19:00:00,19,0.4,0.0,0.651872545943635,1,31.465830346149183,31.465830346149183
QZ-SY-F-001,福建省德化圣光工艺有限公司,2026-07-02 20:00:00,20,0.4,0.0,0.6244470313179653,1,25.009447534257454,25.009447534257454
QZ-SY-F-001,福建省德化圣光工艺有限公司,2026-07-02 21:00:00,21,0.4,0.0,0.9598287087374023,1,22.1773738591783,22.1773738591783
QZ-SY-F-001,福建省德化圣光工艺有限公司,2026-07-02 22:00:00,22,0.4,0.0,0.9762435950137496,1,23.40911759412401,23.40911759412401
QZ-SY-F-001,福建省德化圣光工艺有限公司,2026-07-02 23:00:00,23,0.4,0.0,0.9628409729351408,1,23.324922266731026,23.324922266731026
